views,mature,life_time,created_at,updated_at,numeric_id,dead_account,language,affiliate
2790,1,283,2018-01-02,2018-10-12,432,0,EN,1
13008,1,256,2018-01-29,2018-10-12,497,0,EN,1
5546,0,252,2018-02-02,2018-10-12,512,0,EN,1
11462,1,192,2018-04-03,2018-10-12,588,0,EN,1
26398,0,180,2018-04-15,2018-10-12,656,0,IT,1
3535,1,232,2018-02-20,2018-10-10,754,0,FR,0
361,0,209,2018-03-17,2018-10-12,1152,0,EN,0
1178,1,224,2018-02-27,2018-10-09,1209,0,EN,1
343,1,241,2018-01-06,2018-09-04,1478,0,EN,0
37777,1,244,2018-02-09,2018-10-11,1592,0,EN,1
6345,1,193,2018-04-02,2018-10-12,1643,0,EN,1
1669,0,148,2018-03-28,2018-08-23,1780,0,EN,0
3198,0,222,2018-03-04,2018-10-12,1845,0,EN,1
1090,1,238,2018-02-15,2018-10-11,2005,0,EN,1
4455,1,272,2018-01-13,2018-10-12,2088,0,EN,1
4879,1,209,2018-03-17,2018-10-12,2132,0,DE,0
248428,0,259,2018-01-26,2018-10-12,2139,0,EN,0
1270,1,275,2018-01-09,2018-10-11,2210,0,EN,1
826,0,248,2018-02-01,2018-10-07,2267,0,EN,1
3470,0,264,2018-01-21,2018-10-12,2365,0,EN,1
4168,0,200,2018-03-22,2018-10-08,2471,0,EN,1
2498,0,253,2018-01-16,2018-09-26,2663,0,EN,1
15435,0,243,2018-02-11,2018-10-12,2860,0,EN,1
2205,1,193,2018-04-02,2018-10-12,2874,0,EN,1
491,0,234,2018-02-07,2018-09-29,2939,0,FR,1
378,1,278,2018-01-06,2018-10-11,3002,0,ES,0
1338,1,227,2018-02-26,2018-10-11,3140,0,EN,1
2721,1,198,2018-03-28,2018-10-12,3344,0,IT,1
1801,1,269,2018-01-12,2018-10-08,3617,0,EN,1
1850,0,265,2018-01-20,2018-10-12,3648,0,EN,1
2983,1,244,2018-01-31,2018-10-02,3670,0,EN,1
3689,0,200,2018-03-26,2018-10-12,3831,0,KO,1
2818,1,216,2018-03-10,2018-10-12,3992,0,EN,1
2724,0,212,2018-03-13,2018-10-11,4062,0,EN,1
3804,1,216,2018-03-09,2018-10-11,4167,0,EN,1
29833,1,275,2018-01-10,2018-10-12,4279,0,FR,1
3823,1,225,2018-02-27,2018-10-10,4463,0,EN,1
5360,1,278,2018-01-07,2018-10-12,4500,0,EN,1
527,1,264,2018-01-11,2018-10-02,4549,0,EN,1
6819,0,204,2018-03-22,2018-10-12,4699,0,EN,1
620,1,151,2018-04-18,2018-09-16,4707,0,EN,1
5250,1,249,2018-02-05,2018-10-12,4915,0,EN,1
1993,1,205,2018-03-21,2018-10-12,4926,0,EN,1
7878,1,213,2018-03-13,2018-10-12,4941,0,PT,1
3637,1,238,2018-02-16,2018-10-12,5070,0,EN,1
9941,1,191,2018-04-04,2018-10-12,5081,0,EN,1
8853,1,256,2018-01-29,2018-10-12,5113,0,EN,1
10956,1,265,2018-01-20,2018-10-12,5139,0,EN,1
1504,0,239,2018-02-11,2018-10-08,5181,0,EN,0
3847,1,268,2018-01-17,2018-10-12,5262,0,EN,1
444,0,215,2018-03-10,2018-10-11,5361,0,EN,0
2982,1,266,2018-01-11,2018-10-04,5474,0,EN,1
4552,1,272,2018-01-13,2018-10-12,5526,0,EN,1
1766,1,222,2018-03-03,2018-10-11,5654,0,EN,1
23653368,0,228,2018-02-26,2018-10-12,5690,0,FR,0
2639,0,209,2018-03-01,2018-09-26,5860,0,EN,1
33097,0,280,2018-01-05,2018-10-12,5969,0,EN,1
433,0,176,2018-04-18,2018-10-11,6120,0,EN,0
2849,0,260,2018-01-25,2018-10-12,6241,0,EN,1
5780,0,281,2018-01-04,2018-10-12,6488,0,EN,1
171,1,245,2018-01-20,2018-09-22,6809,0,EN,0
2231,1,266,2018-01-16,2018-10-09,6867,0,EN,1
2386,1,249,2018-01-23,2018-09-29,6907,0,EN,1
3129,1,227,2018-02-12,2018-09-27,7007,0,EN,1
1619,0,177,2018-04-16,2018-10-10,7094,0,EN,0
3517,0,264,2018-01-19,2018-10-10,7250,0,EN,1
1663,1,226,2018-02-28,2018-10-12,7290,0,EN,1
288,1,210,2018-03-12,2018-10-08,7302,0,EN,0
5665,1,157,2018-05-08,2018-10-12,7759,0,EN,1
5528,0,261,2018-01-24,2018-10-12,8018,0,ES,1
4464,0,259,2018-01-26,2018-10-12,8046,0,ES,0
2665,0,238,2018-02-16,2018-10-12,8071,0,FR,1
1170,0,201,2018-02-26,2018-09-15,8241,0,DE,0
899,1,217,2018-03-09,2018-10-12,8348,0,EN,1
5495,1,232,2018-02-21,2018-10-11,8717,0,EN,1
1317,0,257,2018-01-18,2018-10-02,9060,0,EN,1
7912,1,252,2018-02-02,2018-10-12,9124,0,EN,1
12744,1,240,2018-02-14,2018-10-12,9575,0,EN,1
1685,0,272,2018-01-13,2018-10-12,9982,0,EN,1
4463,0,260,2018-01-24,2018-10-11,10147,0,EN,1
3268,1,204,2018-03-21,2018-10-11,10322,0,EN,1
35,1,141,2018-02-25,2018-07-16,10331,0,EN,0
5422,0,193,2018-04-02,2018-10-12,10451,0,FR,1
132403,1,283,2018-01-02,2018-10-12,10528,0,EN,1
1618,1,240,2018-02-14,2018-10-12,10711,0,EN,0
1488,1,246,2018-01-08,2018-09-11,10722,0,EN,1
1312,0,191,2018-03-26,2018-10-03,10728,0,EN,1
1052,0,229,2018-02-24,2018-10-11,11039,0,EN,1
3584,1,261,2018-01-22,2018-10-10,11098,0,EN,1
12207,1,197,2018-03-27,2018-10-10,11154,0,EN,1
2425,1,260,2018-01-25,2018-10-12,11172,0,EN,0
2051,0,256,2018-01-05,2018-09-18,11337,0,EN,1
7603,1,181,2018-04-14,2018-10-12,11349,0,EN,1
1424,0,259,2018-01-26,2018-10-12,11374,0,EN,0
3318,0,220,2018-03-05,2018-10-11,11642,0,EN,1
621,1,190,2018-03-23,2018-09-29,11679,0,EN,1
226,0,187,2018-02-14,2018-08-20,11866,0,EN,0
5032,1,224,2018-03-01,2018-10-11,11980,0,EN,1
1196,1,239,2018-02-07,2018-10-04,12121,0,EN,1
99,0,279,2018-01-05,2018-10-11,12149,0,EN,0
3642,0,260,2018-01-25,2018-10-12,12154,0,EN,1
1710,0,206,2018-03-20,2018-10-12,12212,0,FR,1
2857,0,207,2018-03-19,2018-10-12,12230,0,EN,1
4453,0,214,2018-02-28,2018-09-30,12314,0,EN,1
3816,1,234,2018-02-13,2018-10-05,12329,0,EN,1
1637,0,223,2018-03-02,2018-10-11,12409,0,EN,1
7650,1,229,2018-02-25,2018-10-12,12425,0,ES,1
1480,0,180,2018-02-22,2018-08-21,12613,0,EN,1
2652,1,254,2018-01-31,2018-10-12,12852,0,EN,1
13753,1,267,2018-01-18,2018-10-12,12865,0,EN,1
1314,1,190,2018-02-23,2018-09-01,12888,0,EN,0
14462,1,278,2018-01-06,2018-10-11,12919,0,EN,1
4415,0,226,2018-02-28,2018-10-12,12984,0,EN,1
4927,0,242,2018-02-12,2018-10-12,13303,0,KO,1
2957,1,277,2018-01-08,2018-10-12,13371,0,DE,0
2238,0,250,2018-02-04,2018-10-12,13421,0,EN,1
1382,1,214,2018-03-09,2018-10-09,13546,0,EN,1
297,1,208,2018-03-18,2018-10-12,13608,0,EN,0
2475,1,176,2018-04-17,2018-10-10,13631,0,EN,1
14852,1,207,2018-03-18,2018-10-11,13696,0,EN,1
4036,0,264,2018-01-21,2018-10-12,13911,0,EN,1
1324,1,231,2018-02-21,2018-10-10,13957,0,EN,1
7474,0,242,2018-02-11,2018-10-11,13978,0,EN,1
6096,1,284,2018-01-01,2018-10-12,14607,0,EN,1
277,0,261,2018-01-05,2018-09-23,14676,0,EN,0
22064,0,216,2018-03-10,2018-10-12,14707,0,EN,1
5230,1,272,2018-01-13,2018-10-12,14747,0,EN,1
3005,1,199,2018-02-23,2018-09-10,15233,0,EN,1
7187,1,230,2018-02-24,2018-10-12,15320,0,EN,1
2561,1,212,2018-02-25,2018-09-25,15573,0,EN,1
3764,1,224,2018-03-01,2018-10-11,15975,0,EN,1
352,0,176,2018-04-15,2018-10-08,16093,0,EN,1
103,0,194,2018-04-01,2018-10-12,16458,0,EN,0
509,1,233,2018-02-13,2018-10-04,16556,0,EN,1
52505,1,276,2018-01-09,2018-10-12,16637,0,IT,1
1833,0,212,2018-02-20,2018-09-20,16736,0,EN,1
3471,0,271,2018-01-10,2018-10-08,16747,0,EN,1
10008,0,219,2018-03-05,2018-10-10,17324,0,EN,1
1801,1,228,2018-02-25,2018-10-11,17400,0,EN,1
15,0,92,2018-04-07,2018-07-08,17529,1,EN,0
1247,0,136,2018-05-01,2018-09-14,17607,0,PT,0
7011,1,266,2018-01-19,2018-10-12,17615,0,EN,1
652,0,207,2018-02-25,2018-09-20,17650,0,EN,0
1591,0,200,2018-03-26,2018-10-12,17658,0,EN,1
7477,1,174,2018-04-21,2018-10-12,17823,0,EN,1
8032,1,210,2018-03-16,2018-10-12,18047,0,PT,1
834,0,222,2018-03-01,2018-10-09,18058,0,EN,0
1344,1,211,2018-03-12,2018-10-09,18122,0,EN,1
3664,1,274,2018-01-11,2018-10-12,18182,0,EN,1
1262,0,159,2018-05-06,2018-10-12,18296,0,EN,1
982,1,247,2018-02-03,2018-10-08,18385,0,EN,1
17191,1,225,2018-03-01,2018-10-12,18649,0,EN,1
1105,1,222,2018-03-04,2018-10-12,18944,0,DE,1
646,1,167,2018-04-15,2018-09-29,18960,0,EN,1
5218,1,269,2018-01-01,2018-09-27,18993,0,EN,1
2144,1,275,2018-01-10,2018-10-12,19002,0,EN,1
1798,0,267,2018-01-18,2018-10-12,19127,0,EN,1
7846,0,229,2018-02-25,2018-10-12,19155,0,EN,1
2530,1,225,2018-03-01,2018-10-12,19181,0,EN,0
41546,0,282,2018-01-03,2018-10-12,19236,0,OTHER,0
1663,0,197,2018-03-28,2018-10-11,19354,0,ES,0
1772,0,226,2018-02-28,2018-10-12,19360,0,EN,1
1156,1,179,2018-04-07,2018-10-03,19362,0,EN,1
1988,1,180,2018-04-06,2018-10-03,19434,0,EN,1
5413,1,218,2018-03-06,2018-10-10,19886,0,EN,1
4575,0,223,2018-03-03,2018-10-12,20068,0,FR,1
12000,1,212,2018-03-14,2018-10-12,20836,0,EN,1
5878,0,225,2018-03-01,2018-10-12,20837,0,EN,1
813,0,257,2018-01-28,2018-10-12,20916,0,EN,1
2084,1,255,2018-01-28,2018-10-10,21107,0,EN,1
7156,0,250,2018-02-04,2018-10-12,21161,0,EN,1
19385,1,225,2018-03-01,2018-10-12,21443,0,PT,1
56307,1,284,2018-01-01,2018-10-12,21478,0,EN,1
1407,1,191,2018-03-20,2018-09-27,21563,0,EN,1
6580,1,236,2018-02-18,2018-10-12,21777,0,EN,0
60207,1,235,2018-02-19,2018-10-12,22059,0,EN,0
2071,0,255,2018-01-19,2018-10-01,22119,0,EN,1
9578,1,214,2018-03-12,2018-10-12,22138,0,EN,1
2431,0,284,2018-01-01,2018-10-12,22408,0,EN,1
21956,1,277,2018-01-08,2018-10-12,22522,0,EN,1
1195,1,184,2018-04-11,2018-10-12,22597,0,EN,1
1114,1,248,2018-02-06,2018-10-12,22949,0,EN,1
471,1,190,2018-03-29,2018-10-05,23125,0,EN,1
509,0,209,2018-03-09,2018-10-04,23465,0,EN,0
1638,1,168,2018-04-24,2018-10-09,23523,0,EN,1
3688,1,168,2018-04-23,2018-10-08,23571,0,EN,1
2522,1,230,2018-02-24,2018-10-12,23664,0,EN,1
560,0,233,2018-02-17,2018-10-08,23747,0,EN,1
1429,1,251,2018-01-19,2018-09-27,23872,0,EN,1
2649,1,272,2018-01-13,2018-10-12,23980,0,EN,1
544,0,281,2018-01-01,2018-10-09,24166,0,EN,0
629,0,175,2018-04-14,2018-10-06,24197,0,EN,0
10445,1,270,2018-01-14,2018-10-11,24206,0,EN,1
11237,1,262,2018-01-23,2018-10-12,24416,0,EN,1
11784,1,270,2018-01-15,2018-10-12,24491,0,TR,1
5296,0,201,2018-03-25,2018-10-12,24729,0,EN,1
5924,1,176,2018-04-19,2018-10-12,24832,0,EN,1
2556,0,227,2018-02-27,2018-10-12,24938,0,EN,1
492,1,180,2018-04-02,2018-09-29,24984,0,EN,0
1155,0,159,2018-04-30,2018-10-06,25054,0,EN,0
2403,0,205,2018-03-21,2018-10-12,25295,0,EN,1
6874,1,186,2018-04-09,2018-10-12,25434,0,FR,1
6926,0,199,2018-03-26,2018-10-11,25506,0,EN,1
5982,1,273,2018-01-12,2018-10-12,25741,0,EN,1
1869,1,214,2018-03-11,2018-10-11,25752,0,EN,1
13082,1,247,2018-02-06,2018-10-11,25762,0,EN,1
4601,0,184,2018-02-28,2018-08-31,25807,0,IT,1
1274,0,223,2018-03-01,2018-10-10,25837,0,EN,1
12423,0,173,2018-04-22,2018-10-12,25914,0,FR,0
1536,0,241,2018-02-13,2018-10-12,26085,0,EN,1
9453,0,238,2018-02-16,2018-10-12,26219,0,EN,0
6593,0,264,2018-01-11,2018-10-02,26597,0,IT,1
315,1,179,2018-04-06,2018-10-02,26704,0,EN,0
2273,0,276,2018-01-07,2018-10-10,27013,0,EN,1
47,1,94,2018-05-06,2018-08-08,27093,0,EN,0
9655,1,259,2018-01-26,2018-10-12,27307,0,EN,1
1302,1,245,2018-02-09,2018-10-12,27312,0,EN,1
272,1,257,2018-01-27,2018-10-11,27390,0,EN,0
6625,1,216,2018-03-05,2018-10-07,27490,0,EN,1
2273,1,250,2018-02-04,2018-10-12,27982,0,EN,1
1307,0,206,2018-03-19,2018-10-11,28061,0,EN,0
2397,0,256,2018-01-29,2018-10-12,28067,0,EN,1
380,0,243,2018-02-11,2018-10-12,28120,0,EN,0
2772,1,214,2018-03-12,2018-10-12,28197,0,EN,1
1309,0,212,2018-03-04,2018-10-02,28238,0,EN,1
1028,1,214,2018-03-12,2018-10-12,28310,0,EN,1
11388,1,212,2018-03-13,2018-10-11,28370,0,EN,1
24827,1,256,2018-01-26,2018-10-09,28488,0,OTHER,0
6813,1,155,2018-03-20,2018-08-22,29032,0,EN,1
943,0,131,2018-03-08,2018-07-17,29038,0,EN,0
620,1,114,2018-04-14,2018-08-06,29042,0,EN,0
1273,1,175,2018-04-19,2018-10-11,29444,0,EN,1
859,0,217,2018-03-09,2018-10-12,29596,0,EN,1
2534,1,207,2018-03-17,2018-10-10,29748,0,EN,1
313,0,162,2018-03-28,2018-09-06,29937,0,EN,0
12290,1,222,2018-01-21,2018-08-31,29939,0,EN,1
10746,1,122,2018-04-25,2018-08-25,29962,0,EN,1
11032,1,266,2018-01-19,2018-10-12,30266,0,FR,1
25588,1,228,2018-02-26,2018-10-12,30297,0,FR,1
587,0,201,2018-03-22,2018-10-09,30312,0,EN,0
36077,1,207,2018-03-19,2018-10-12,30649,0,EN,1
4787,0,236,2018-02-17,2018-10-11,30687,0,ES,1
15135,0,231,2018-02-21,2018-10-10,30822,0,EN,1
436,1,186,2018-03-14,2018-09-16,30964,0,EN,1
3003,0,202,2018-03-24,2018-10-12,31141,0,EN,1
5276,0,278,2018-01-05,2018-10-10,31587,0,EN,1
4094,1,217,2018-03-07,2018-10-10,31636,0,EN,1
2250,1,183,2018-02-16,2018-08-18,31638,0,EN,1
4587,1,215,2018-03-11,2018-10-12,31744,0,EN,1
2220,0,224,2018-03-01,2018-10-11,31756,0,EN,1
3057,1,221,2018-03-02,2018-10-09,31779,0,EN,1
5587,1,208,2018-03-02,2018-09-26,31979,0,EN,1
1740,0,262,2018-01-23,2018-10-12,32027,0,EN,1
7151,0,203,2018-03-23,2018-10-12,32316,0,DE,1
9545,1,255,2018-01-22,2018-10-04,32734,0,EN,1
1232,1,198,2018-03-23,2018-10-07,33382,0,EN,1
852,0,274,2018-01-10,2018-10-11,33724,0,TH,0
738,0,204,2018-02-03,2018-08-26,33946,0,EN,1
40937,0,202,2018-03-24,2018-10-12,34032,0,ES,0
1826,1,250,2018-02-03,2018-10-11,34034,0,EN,1
523,0,206,2018-03-12,2018-10-04,34115,0,EN,0
736,0,180,2018-04-02,2018-09-29,34483,0,EN,0
3114,1,184,2018-04-11,2018-10-12,34665,0,EN,1
939,1,269,2018-01-16,2018-10-12,34762,0,EN,0
758,1,263,2018-01-20,2018-10-10,34884,0,EN,0
79,0,174,2018-04-12,2018-10-03,35454,0,EN,0
1209,0,273,2018-01-03,2018-10-03,35487,0,EN,1
1193,1,208,2018-03-16,2018-10-10,35627,0,EN,1
1459,1,277,2018-01-05,2018-10-09,35656,0,EN,0
3209,0,204,2018-03-15,2018-10-05,35695,0,EN,1
470,0,251,2018-01-27,2018-10-05,35985,0,PT,0
450,1,262,2018-01-16,2018-10-05,36248,0,EN,1
418,0,128,2018-03-24,2018-07-30,36492,0,EN,0
2755,1,256,2018-01-16,2018-09-29,36738,0,EN,1
9564,0,228,2018-02-26,2018-10-12,36908,0,TH,1
5890,1,273,2018-01-09,2018-10-09,37008,0,EN,1
174,0,278,2018-01-06,2018-10-11,37078,0,EN,0
9677,1,185,2018-04-10,2018-10-12,37096,0,EN,1
2156,0,234,2018-02-20,2018-10-12,37102,0,ES,1
1389,1,225,2018-02-04,2018-09-17,37161,0,EN,1
686,1,228,2018-02-02,2018-09-18,37197,0,EN,1
78,0,139,2018-04-22,2018-09-08,37285,0,EN,0
3845,0,224,2018-03-02,2018-10-12,37372,0,EN,1
3453,0,192,2018-02-22,2018-09-02,37383,0,EN,1
1673,1,192,2018-04-02,2018-10-11,37441,0,EN,1
1075,1,219,2018-02-28,2018-10-05,37575,0,IT,0
2802,1,223,2018-02-25,2018-10-06,37787,0,EN,1
1503,1,221,2018-02-20,2018-09-29,37793,0,EN,1
9037,1,261,2018-01-24,2018-10-12,38336,0,DE,1
4872,1,210,2018-03-14,2018-10-10,38472,0,EN,1
1614,0,221,2018-02-24,2018-10-03,38594,0,EN,1
1779,1,271,2018-01-13,2018-10-11,38619,0,EN,1
1522,0,205,2018-03-13,2018-10-04,38965,0,ES,1
1252,1,203,2018-02-20,2018-09-11,39036,0,DE,1
4323,1,251,2018-02-03,2018-10-12,39171,0,EN,1
4406,1,275,2018-01-06,2018-10-08,39195,0,EN,1
1864,0,257,2018-01-27,2018-10-11,39330,0,EN,0
519,0,238,2018-01-08,2018-09-03,39373,0,EN,0
360,0,191,2018-03-18,2018-09-25,39413,0,EN,0
6855,1,231,2018-02-09,2018-09-28,39538,0,EN,1
6225,0,260,2018-01-23,2018-10-10,39556,0,EN,1
1833,1,218,2018-03-08,2018-10-12,39825,0,FR,0
104,0,255,2018-01-27,2018-10-09,39855,0,EN,0
10749,1,230,2018-02-24,2018-10-12,39905,0,EN,1
1123,0,106,2018-04-17,2018-08-01,39968,0,EN,0
940,0,249,2018-02-01,2018-10-08,39989,0,EN,1
17090,1,258,2018-01-27,2018-10-12,40013,0,ES,1
546,1,253,2018-01-30,2018-10-10,40262,0,ES,0
4539,1,217,2018-03-07,2018-10-10,40331,0,EN,1
100966,0,279,2018-01-06,2018-10-12,40379,0,TH,0
22671,0,253,2018-02-01,2018-10-12,40437,0,EN,0
2371,0,228,2018-02-25,2018-10-11,40611,0,EN,1
14,0,208,2018-01-27,2018-08-23,41036,0,EN,0
1277,1,259,2018-01-26,2018-10-12,41169,0,EN,1
10921,0,269,2018-01-13,2018-10-09,41213,0,EN,1
2431,0,280,2018-01-05,2018-10-12,41288,0,EN,0
2378,1,274,2018-01-11,2018-10-12,41351,0,EN,1
5784,1,231,2018-02-23,2018-10-12,41441,0,EN,1
1178,0,244,2018-02-05,2018-10-07,41520,0,EN,0
1428,0,253,2018-01-28,2018-10-08,41662,0,EN,1
1245,1,207,2018-03-17,2018-10-10,41713,0,EN,0
50183,0,163,2018-05-02,2018-10-12,42059,0,EN,0
136,0,196,2018-03-14,2018-09-26,42127,0,FR,0
4787,0,268,2018-01-17,2018-10-12,42180,0,EN,1
530,0,274,2018-01-05,2018-10-06,42220,0,EN,1
1757,1,225,2018-03-01,2018-10-12,42246,0,EN,1
132,0,180,2018-02-27,2018-08-26,42254,0,EN,0
15606,1,243,2018-02-11,2018-10-12,42429,0,EN,1
4682,1,260,2018-01-23,2018-10-10,42492,0,EN,1
1262,0,210,2018-03-15,2018-10-11,42618,0,EN,1
1725,1,182,2018-03-31,2018-09-29,43001,0,EN,1
18684,1,257,2018-01-28,2018-10-12,43075,0,EN,1
4495,0,195,2018-03-29,2018-10-10,43111,0,EN,1
405,0,203,2018-03-04,2018-09-23,43148,0,EN,0
447,0,205,2018-02-19,2018-09-12,43360,0,IT,0
8242,1,230,2018-02-24,2018-10-12,43469,0,EN,1
3368,1,241,2018-02-07,2018-10-06,43521,0,EN,1
9449,1,281,2018-01-04,2018-10-12,43670,0,EN,1
3909,1,230,2018-02-24,2018-10-12,43932,0,EN,1
895,1,254,2018-01-28,2018-10-09,44069,0,EN,0
1112,1,173,2018-04-14,2018-10-04,44194,0,EN,1
1796,0,240,2018-01-05,2018-09-02,44352,0,EN,1
1620,1,264,2018-01-19,2018-10-10,44438,0,ES,1
300,0,240,2018-02-14,2018-10-12,44733,0,EN,1
609,1,219,2018-02-15,2018-09-22,44760,0,EN,1
9609,1,270,2018-01-15,2018-10-12,44813,0,EN,1
879,1,224,2018-03-02,2018-10-12,44917,0,EN,1
19292,1,275,2018-01-10,2018-10-12,45138,0,EN,1
29510,1,238,2018-02-16,2018-10-12,45219,0,ES,1
869,1,272,2018-01-03,2018-10-02,45228,0,EN,1
2541,0,200,2018-03-20,2018-10-06,45241,0,EN,1
5877,1,275,2018-01-09,2018-10-11,45369,0,EN,1
7501,0,212,2018-03-14,2018-10-12,45721,0,FR,1
3213,1,276,2018-01-08,2018-10-11,45762,0,EN,1
475,0,159,2018-02-19,2018-07-28,45816,0,EN,0
2029,0,190,2018-03-26,2018-10-02,45879,0,EN,1
376,1,185,2018-04-10,2018-10-12,46309,0,EN,0
544,1,232,2018-02-17,2018-10-07,46368,0,EN,1
1880,0,241,2018-02-07,2018-10-06,46376,0,EN,1
2965,1,182,2018-04-12,2018-10-11,46388,0,EN,1
1572,0,204,2018-03-22,2018-10-12,46453,0,EN,1
1275,0,251,2018-01-30,2018-10-08,46498,0,EN,0
717,1,232,2018-02-21,2018-10-11,46587,0,EN,1
856,1,227,2018-02-26,2018-10-11,46802,0,EN,0
13277,1,251,2018-01-31,2018-10-09,46980,0,PT,0
466,1,246,2018-02-02,2018-10-06,47015,0,EN,0
308,0,272,2018-01-12,2018-10-11,47054,0,EN,0
5602,1,214,2018-03-12,2018-10-12,47065,0,EN,1
4870,0,281,2018-01-04,2018-10-12,47171,0,EN,1
11838,0,277,2018-01-08,2018-10-12,47365,0,KO,1
5065,1,183,2018-04-12,2018-10-12,47395,0,EN,1
5817,0,188,2018-04-07,2018-10-12,47416,0,EN,1
1535,1,203,2018-03-11,2018-09-30,47523,0,EN,1
289,0,207,2018-02-26,2018-09-21,47539,0,EN,0
470,1,222,2018-02-28,2018-10-08,47623,0,EN,0
3624,1,246,2018-01-17,2018-09-20,47744,0,EN,1
1913,0,189,2018-04-02,2018-10-08,47918,0,EN,1
2252,0,280,2018-01-04,2018-10-11,48082,0,KO,1
1642,0,226,2018-02-26,2018-10-10,48219,0,FR,0
7178,0,256,2018-01-29,2018-10-12,48373,0,ES,1
55976,0,269,2018-01-16,2018-10-12,48566,0,EN,1
127,0,180,2018-03-29,2018-09-25,48636,0,EN,0
2053,0,238,2018-02-01,2018-09-27,48785,0,EN,1
235,0,190,2018-03-22,2018-09-28,48977,0,EN,0
3454,0,260,2018-01-24,2018-10-11,49204,0,EN,1
512,1,184,2018-02-26,2018-08-29,49442,0,EN,0
3469,0,261,2018-01-24,2018-10-12,49555,0,EN,1
5012,0,263,2018-01-22,2018-10-12,49739,0,EN,1
2052,0,271,2018-01-01,2018-09-29,49758,0,EN,0
5386,0,193,2018-04-02,2018-10-12,49884,0,PT,1
1206,1,186,2018-04-09,2018-10-12,49917,0,EN,1
2710,1,210,2018-03-09,2018-10-05,49940,0,EN,1
4219,1,268,2018-01-14,2018-10-09,50055,0,FR,1
6914,0,252,2018-02-02,2018-10-12,50207,0,EN,1
95,1,255,2018-01-17,2018-09-29,50259,0,EN,0
3710,1,219,2018-03-06,2018-10-11,50280,0,EN,1
6329,1,234,2018-02-17,2018-10-09,50585,0,FR,1
2620,0,264,2018-01-20,2018-10-11,50857,0,EN,1
2283,1,250,2018-02-04,2018-10-12,51363,0,EN,1
735,0,148,2018-04-11,2018-09-06,51458,0,EN,0
7228,0,239,2018-02-15,2018-10-12,51615,0,EN,1
509,0,211,2018-03-14,2018-10-11,51880,0,ES,0
363,0,151,2018-04-11,2018-09-09,51915,0,EN,1
2093,0,219,2018-03-06,2018-10-11,52079,0,EN,1
1619,1,261,2018-01-24,2018-10-12,52104,0,ES,1
4892,1,252,2018-02-01,2018-10-11,52116,0,EN,1
922,0,246,2018-02-08,2018-10-12,52134,0,ES,1
10314,1,207,2018-03-16,2018-10-09,52241,0,EN,1
759,0,188,2018-03-17,2018-09-21,52279,0,EN,1
10187,0,277,2018-01-08,2018-10-12,52506,0,EN,1
804,1,236,2018-02-06,2018-09-30,52601,0,EN,1
45180,1,190,2018-04-03,2018-10-10,52673,0,EN,1
7122,1,177,2018-04-15,2018-10-09,52682,0,EN,1
9647,1,180,2018-04-15,2018-10-12,52807,0,EN,1
8906,1,241,2018-02-13,2018-10-12,52862,0,EN,1
1141,0,169,2018-04-20,2018-10-06,53013,0,EN,1
2711,0,261,2018-01-19,2018-10-07,53091,0,ES,1
3797,0,166,2018-04-29,2018-10-12,53271,0,ES,1
455,0,214,2018-03-08,2018-10-08,53471,0,EN,1
10225,1,266,2018-01-17,2018-10-10,53562,0,EN,1
224,1,187,2018-03-21,2018-09-24,53593,0,EN,0
7865,0,193,2018-04-02,2018-10-12,53632,0,EN,1
818,1,168,2018-03-25,2018-09-09,53681,0,EN,1
2946,1,205,2018-03-18,2018-10-09,53812,0,EN,1
8407,0,227,2018-02-27,2018-10-12,54082,0,ES,1
2463,1,217,2018-03-08,2018-10-11,54299,0,EN,1
3696,1,256,2018-01-29,2018-10-12,54335,0,EN,1
1373,0,233,2018-01-26,2018-09-16,54479,0,FR,0
767,0,255,2018-01-16,2018-09-28,54514,0,IT,1
1970,0,223,2018-02-23,2018-10-04,54676,0,EN,1
631,0,178,2018-03-15,2018-09-09,54745,0,EN,1
2486,0,171,2018-04-24,2018-10-12,54763,0,EN,0
6742,1,188,2018-03-07,2018-09-11,54788,0,OTHER,1
5645,1,258,2018-01-08,2018-09-23,54969,0,EN,1
4446,0,277,2018-01-08,2018-10-12,55144,0,EN,1
8623,0,253,2018-01-28,2018-10-08,55418,0,EN,1
1279,0,219,2018-03-07,2018-10-12,55448,0,EN,1
3744,0,146,2018-04-07,2018-08-31,55455,0,EN,0
1563,1,205,2018-03-15,2018-10-06,55588,0,EN,1
242,1,175,2018-04-16,2018-10-08,55725,0,EN,0
1180,1,262,2018-01-22,2018-10-11,55903,0,EN,1
1417,1,250,2018-02-02,2018-10-10,56085,0,EN,0
4110,1,251,2018-02-03,2018-10-12,56203,0,EN,1
9384,0,237,2018-02-17,2018-10-12,56264,0,EN,1
4799,1,267,2018-01-18,2018-10-12,56341,0,FR,1
371,0,211,2018-03-10,2018-10-07,56896,0,EN,0
5126,1,228,2018-02-26,2018-10-12,56933,0,EN,1
1908,1,239,2018-02-09,2018-10-06,56954,0,EN,1
7467,0,242,2018-01-23,2018-09-22,57128,0,EN,1
6160,1,204,2018-03-21,2018-10-11,57144,0,EN,1
1650,0,212,2018-03-14,2018-10-12,57201,0,FR,1
677,1,252,2018-01-26,2018-10-05,57245,0,EN,0
4856,1,262,2018-01-23,2018-10-12,57341,0,EN,1
13901,1,265,2018-01-20,2018-10-12,57345,0,EN,1
746,0,207,2018-03-16,2018-10-09,57536,0,EN,0
1086,1,275,2018-01-08,2018-10-10,57605,0,EN,1
2733,0,222,2018-03-04,2018-10-12,57722,0,FR,0
5671,0,201,2018-03-17,2018-10-04,58056,0,EN,1
2771,0,219,2018-03-01,2018-10-06,58189,0,EN,1
3682,1,265,2018-01-19,2018-10-11,58288,0,EN,1
1045,1,198,2018-03-12,2018-09-26,58347,0,EN,1
4239,0,224,2018-03-01,2018-10-11,58489,0,ES,1
535,0,242,2018-02-12,2018-10-12,58679,0,EN,0
276,1,281,2018-01-01,2018-10-09,58735,0,EN,0
2299,0,272,2018-01-13,2018-10-12,59043,0,EN,1
5330,0,225,2018-03-01,2018-10-12,59108,0,EN,1
778,1,260,2018-01-12,2018-09-29,59116,0,EN,0
1019,0,244,2018-02-10,2018-10-12,59205,0,TH,0
2972,1,266,2018-01-18,2018-10-11,59223,0,EN,1
1279,0,266,2018-01-19,2018-10-12,59301,0,EN,1
3870,1,243,2018-02-02,2018-10-03,59827,0,EN,1
1527,0,181,2018-04-14,2018-10-12,59865,0,EN,0
1356,0,258,2018-01-27,2018-10-12,59996,0,EN,1
2825,0,248,2018-02-06,2018-10-12,60204,0,EN,1
1381,1,217,2018-03-08,2018-10-11,60516,0,EN,1
1039,0,254,2018-01-23,2018-10-04,61179,0,EN,1
25530,1,200,2018-03-26,2018-10-12,61191,0,EN,1
1698,0,223,2018-03-02,2018-10-11,61242,0,EN,1
2240,1,208,2018-03-18,2018-10-12,61243,0,EN,1
3363,0,216,2018-03-09,2018-10-11,61263,0,ES,1
8235,0,269,2018-01-16,2018-10-12,61299,0,EN,1
1289,1,238,2018-02-13,2018-10-09,61483,0,EN,0
1317,1,226,2018-02-21,2018-10-05,61576,0,EN,1
451,1,187,2018-04-07,2018-10-11,61630,0,EN,1
6861,0,272,2018-01-10,2018-10-09,61682,0,KO,1
944,0,153,2018-03-06,2018-08-06,61828,0,EN,1
656,1,203,2018-02-23,2018-09-14,62033,0,EN,0
6894,0,265,2018-01-20,2018-10-12,62039,0,EN,1
1251,1,204,2018-01-29,2018-08-21,62060,0,EN,1
1830,1,241,2018-01-31,2018-09-29,62233,0,EN,1
1995,0,175,2018-04-06,2018-09-28,62333,0,EN,1
3280,0,204,2018-03-22,2018-10-12,62484,0,EN,1
3419,0,222,2018-03-04,2018-10-12,62941,0,EN,1
6411,1,174,2018-04-21,2018-10-12,63196,0,EN,1
2956,1,220,2018-03-04,2018-10-10,63368,0,EN,1
763,0,275,2018-01-08,2018-10-10,63385,0,EN,1
9482,0,196,2018-03-28,2018-10-10,63423,0,RU,1
399,0,282,2018-01-01,2018-10-10,63549,0,EN,0
916,1,270,2018-01-05,2018-10-02,63702,0,EN,1
4389,0,221,2018-03-02,2018-10-09,63755,0,EN,1
11605,0,253,2018-01-31,2018-10-11,63876,0,KO,1
3249,0,269,2018-01-16,2018-10-12,63881,0,PT,1
11350,0,234,2018-02-20,2018-10-12,64171,0,FR,1
6214,1,280,2018-01-04,2018-10-11,64187,0,EN,1
11582,0,248,2018-02-06,2018-10-12,64278,0,KO,1
1519,0,243,2018-02-06,2018-10-07,64688,0,EN,0
8996,1,261,2018-01-24,2018-10-12,64982,0,EN,1
46533,0,196,2018-03-30,2018-10-12,65339,0,EN,1
89853,1,178,2018-04-17,2018-10-12,65556,0,ES,1
3293,0,226,2018-02-15,2018-09-29,65574,0,EN,0
35209,1,274,2018-01-11,2018-10-12,65635,0,EN,1
762,1,169,2018-04-15,2018-10-01,65705,0,EN,1
4214,0,175,2018-04-20,2018-10-12,65894,0,EN,1
1708,0,244,2018-02-10,2018-10-12,65914,0,EN,0
1915,1,219,2018-03-01,2018-10-06,65957,0,NO,1
12132,1,211,2018-03-15,2018-10-12,65992,0,EN,1
266815,1,266,2018-01-19,2018-10-12,66016,0,EN,0
2237,1,212,2018-03-12,2018-10-10,66208,0,EN,0
908,0,177,2018-03-26,2018-09-19,66550,0,EN,0
8573,0,283,2018-01-02,2018-10-12,66584,0,EN,1
7855,0,225,2018-02-24,2018-10-07,66626,0,TH,1
686,0,161,2018-03-23,2018-08-31,66950,0,EN,0
241,0,241,2018-02-10,2018-10-09,67047,0,EN,0
335,0,188,2018-04-07,2018-10-12,67098,0,EN,1
3600,0,222,2018-03-01,2018-10-09,67155,0,PT,0
1311,0,204,2018-02-26,2018-09-18,67645,0,DE,1
3353,1,284,2018-01-01,2018-10-12,67702,0,EN,1
246,0,179,2018-03-24,2018-09-19,67968,0,EN,1
781,1,198,2018-03-24,2018-10-08,68349,0,EN,1
9857,0,220,2018-03-06,2018-10-12,68465,0,EN,1
1417,0,189,2018-03-17,2018-09-22,68470,0,EN,1
2060,1,229,2018-02-25,2018-10-12,68654,0,DE,0
61407,1,270,2018-01-03,2018-09-30,68692,0,EN,1
1030,0,194,2018-03-28,2018-10-08,69242,0,EN,0
1804,0,238,2018-02-13,2018-10-09,69250,0,FR,0
9548,0,194,2018-03-27,2018-10-07,69473,0,EN,1
423,0,251,2018-01-29,2018-10-07,69834,0,EN,0
365,1,207,2018-03-08,2018-10-01,69930,0,EN,1
1150,0,151,2018-04-11,2018-09-09,69931,0,EN,1
150,1,239,2018-01-19,2018-09-15,69939,0,EN,0
1365,1,229,2018-01-16,2018-09-02,70014,0,EN,1
1283,1,156,2018-04-24,2018-09-27,70127,0,EN,1
2895,0,180,2018-04-15,2018-10-12,70412,0,EN,1
4861,0,268,2018-01-16,2018-10-11,70492,0,ES,1
29515,0,258,2018-01-27,2018-10-12,70537,0,PT,1
80194,0,188,2018-04-07,2018-10-12,70552,0,ES,0
28801,0,280,2018-01-05,2018-10-12,70670,0,EN,1
883,1,225,2018-02-28,2018-10-11,71125,0,IT,0
793,0,255,2018-01-30,2018-10-12,71133,0,NL,0
12937,0,236,2018-02-18,2018-10-12,71159,0,RU,0
1490,1,277,2018-01-07,2018-10-11,71264,0,EN,0
1949,1,155,2018-02-13,2018-07-18,71352,0,EN,1
1685,0,216,2018-03-10,2018-10-12,71415,0,FR,0
771,1,211,2018-03-14,2018-10-11,71502,0,EN,1
4736,1,241,2018-02-13,2018-10-12,71516,0,EN,1
476,0,193,2018-03-08,2018-09-17,71526,0,EN,0
9803,0,259,2018-01-26,2018-10-12,71533,0,EN,1
1333,1,254,2018-01-28,2018-10-09,71577,0,EN,0
2867,0,247,2018-02-07,2018-10-12,71810,0,EN,0
8176,1,247,2018-02-07,2018-10-12,71983,0,EN,1
2639,1,244,2018-02-09,2018-10-11,72159,0,EN,1
3031,1,267,2018-01-18,2018-10-12,72513,0,EN,0
5420,1,277,2018-01-07,2018-10-11,72718,0,FR,1
3236,1,284,2018-01-01,2018-10-12,72855,0,EN,1
2711,0,201,2018-03-25,2018-10-12,72875,0,EN,1
1375,1,201,2018-03-24,2018-10-11,73049,0,EN,0
2204,0,275,2018-01-03,2018-10-05,73080,0,EN,1
27269,1,254,2018-01-31,2018-10-12,73174,0,EN,1
234,1,254,2018-01-26,2018-10-07,73242,0,EN,0
3357,0,277,2018-01-08,2018-10-12,73374,0,EN,1
6490,1,210,2018-03-05,2018-10-01,73464,0,EN,1
261232,1,226,2018-02-28,2018-10-12,73879,0,EN,0
280,1,262,2018-01-23,2018-10-12,73898,0,DE,1
18546,0,269,2018-01-16,2018-10-12,73949,0,EN,1
1548,0,168,2018-04-27,2018-10-12,73981,0,FR,0
31010,1,241,2018-02-12,2018-10-11,74021,0,EN,1
1620,0,272,2018-01-12,2018-10-11,74300,0,EN,1
581,0,172,2018-04-13,2018-10-02,74368,0,EN,0
2123,0,218,2018-02-21,2018-09-27,74530,0,EN,1
2205,0,244,2018-01-06,2018-09-07,74783,0,EN,1
2439,0,225,2018-02-28,2018-10-11,74864,0,EN,1
2677,0,279,2018-01-05,2018-10-11,74953,0,EN,1
1467,1,238,2018-02-12,2018-10-08,75121,0,EN,1
596,0,252,2018-02-01,2018-10-11,75197,0,EN,0
1231,0,153,2018-04-29,2018-09-29,75254,0,EN,1
1577,1,187,2018-04-07,2018-10-11,75435,0,EN,1
10429,1,281,2018-01-02,2018-10-10,75534,0,EN,1
452,1,218,2018-03-06,2018-10-10,75949,0,EN,0
1721,0,184,2018-04-10,2018-10-11,75962,0,EN,1
1805,0,259,2018-01-26,2018-10-12,75995,0,FR,1
2344,0,194,2018-03-12,2018-09-22,76029,0,EN,0
4275,1,258,2018-01-27,2018-10-12,76125,0,EN,1
1648,0,203,2018-03-19,2018-10-08,76354,0,EN,0
2080,1,245,2018-02-09,2018-10-12,76459,0,PT,0
1643,0,148,2018-04-12,2018-09-07,76733,0,FR,1
15406,1,189,2018-04-06,2018-10-12,76736,0,EN,1
334,0,183,2018-04-10,2018-10-10,77053,0,EN,0
536,0,189,2018-03-30,2018-10-05,77065,0,EN,1
4139,1,266,2018-01-08,2018-10-01,77137,0,EN,1
13027,1,215,2018-03-11,2018-10-12,77168,0,EN,1
21398,0,198,2018-03-28,2018-10-12,77285,0,EN,1
77,0,194,2018-04-01,2018-10-12,77335,0,ES,0
7566,0,205,2018-03-20,2018-10-11,77384,0,EN,1
4051,0,211,2018-03-14,2018-10-11,77514,0,KO,1
7440,0,232,2018-02-20,2018-10-10,77520,0,KO,1
17260,0,209,2018-03-17,2018-10-12,77681,0,EN,1
649,1,202,2018-02-07,2018-08-28,77686,0,EN,0
3440,1,210,2018-03-16,2018-10-12,77936,0,EN,1
1085,1,124,2018-05-04,2018-09-05,77989,0,EN,1
4644,1,198,2018-03-28,2018-10-12,77993,0,EN,1
2291,0,175,2018-04-20,2018-10-12,77998,0,EN,1
915,1,211,2018-03-09,2018-10-06,78203,0,EN,1
12958,1,253,2018-02-01,2018-10-12,78830,0,EN,1
7927,0,257,2018-01-28,2018-10-12,78837,0,EN,1
821,1,253,2018-02-01,2018-10-12,78887,0,EN,1
5046,0,180,2018-03-22,2018-09-18,78895,0,EN,1
1003,0,254,2018-01-27,2018-10-08,78941,0,EN,1
650,0,153,2018-05-06,2018-10-06,78968,0,EN,1
859,0,181,2018-03-09,2018-09-06,79204,0,EN,1
32701,1,269,2018-01-15,2018-10-11,79235,0,RU,1
8402,1,224,2018-03-02,2018-10-12,79390,0,EN,1
1185,0,172,2018-04-23,2018-10-12,79570,0,EN,1
3358,1,211,2018-03-15,2018-10-12,79657,0,EN,1
1108,1,263,2018-01-22,2018-10-12,79838,0,EN,1
3651,0,277,2018-01-05,2018-10-09,79988,0,EN,1
5575,0,280,2018-01-05,2018-10-12,80263,0,EN,1
3359,1,222,2018-03-03,2018-10-11,80330,0,EN,0
1423,0,177,2018-04-18,2018-10-12,80340,0,EN,1
829,1,198,2018-03-02,2018-09-16,80404,0,EN,0
1751,0,255,2018-01-30,2018-10-12,80449,0,EN,1
120,1,131,2018-04-17,2018-08-26,80492,0,EN,0
16055,0,284,2018-01-01,2018-10-12,80637,0,FR,1
9501,1,205,2018-03-21,2018-10-12,80826,0,EN,1
66480,0,249,2018-02-05,2018-10-12,80894,0,EN,1
354,0,212,2018-03-10,2018-10-08,80923,0,ES,0
17945,0,167,2018-04-28,2018-10-12,81186,0,EN,1
7198,1,252,2018-01-28,2018-10-07,81223,0,EN,1
110,1,256,2018-01-16,2018-09-29,81318,0,EN,0
11095,1,217,2018-03-09,2018-10-12,81525,0,EN,0
8729,1,170,2018-04-24,2018-10-11,81556,0,EN,1
160,1,185,2018-04-08,2018-10-10,81720,0,EN,0
2083,0,182,2018-04-11,2018-10-10,81764,0,EN,1
2986,0,281,2018-01-04,2018-10-12,81788,0,EN,1
1122,0,237,2018-02-17,2018-10-12,81959,0,FR,0
104830,1,281,2018-01-04,2018-10-12,82069,0,EN,1
2986,0,242,2018-02-12,2018-10-12,82148,0,EN,1
2322,0,277,2018-01-07,2018-10-11,82448,0,EN,0
22257,0,244,2018-02-10,2018-10-12,82463,0,KO,1
329,1,209,2018-03-13,2018-10-08,82481,0,EN,0
129535,0,266,2018-01-19,2018-10-12,82496,0,PT,1
6437,0,270,2018-01-15,2018-10-12,82501,0,EN,1
83656,1,264,2018-01-21,2018-10-12,82520,0,FR,1
921,1,280,2018-01-04,2018-10-11,82565,0,EN,1
88498,0,216,2018-03-10,2018-10-12,82648,0,JA,0
35510,0,261,2018-01-24,2018-10-12,82867,0,EN,1
3344,1,270,2018-01-15,2018-10-12,83804,0,ES,0
3035,1,136,2018-03-31,2018-08-14,83947,0,EN,1
2179,0,175,2018-04-20,2018-10-12,84138,0,EN,1
1214,1,236,2018-02-18,2018-10-12,84294,0,EN,0
785,1,200,2018-03-26,2018-10-12,84344,0,EN,0
16045,1,275,2018-01-10,2018-10-12,84539,0,EN,1
826,0,148,2018-03-31,2018-08-26,84543,0,EN,1
2208,1,269,2018-01-15,2018-10-11,84646,0,EN,1
2583,0,238,2018-02-10,2018-10-06,84706,0,ES,1
3558,0,231,2018-02-12,2018-10-01,84798,0,EN,1
9442,1,257,2018-01-28,2018-10-12,84920,0,EN,1
1710,0,275,2018-01-10,2018-10-12,84934,0,EN,1
2801,0,214,2018-03-12,2018-10-12,85114,0,EN,1
691,0,190,2018-02-10,2018-08-19,85148,0,EN,1
5766,1,273,2018-01-12,2018-10-12,85175,0,EN,1
3880,1,216,2018-03-10,2018-10-12,85209,0,EN,1
22179,1,255,2018-01-30,2018-10-12,85344,0,EN,1
3170,0,227,2018-02-18,2018-10-03,85364,0,EN,1
3046,1,267,2018-01-12,2018-10-06,85440,0,RU,1
2260,0,261,2018-01-24,2018-10-12,85559,0,FR,1
1240,0,168,2018-04-27,2018-10-12,85726,0,EN,1
4785,1,260,2018-01-24,2018-10-11,85736,0,EN,1
1607,1,199,2018-03-23,2018-10-08,85834,0,EN,1
4435,1,164,2018-04-06,2018-09-17,85898,0,EN,1
6774,0,271,2018-01-14,2018-10-12,86185,0,EN,1
2342,1,233,2018-02-20,2018-10-11,86190,0,EN,1
678,0,218,2018-03-02,2018-10-06,86197,0,EN,0
3073,0,233,2018-02-21,2018-10-12,86270,0,EN,1
1035,0,192,2018-03-12,2018-09-20,86616,0,EN,0
463,1,116,2018-03-28,2018-07-22,86762,0,EN,0
3602,1,248,2018-02-05,2018-10-11,86895,0,EN,1
4839,1,243,2018-01-19,2018-09-19,87074,0,ES,1
1653,1,241,2018-02-13,2018-10-12,87090,0,EN,1
2197,1,201,2018-03-25,2018-10-12,87296,0,EN,1
6536,0,212,2018-03-14,2018-10-12,87347,0,ES,0
4256,1,276,2018-01-08,2018-10-11,87590,0,EN,1
1906,1,191,2018-04-03,2018-10-11,87601,0,EN,1
1183,1,238,2018-02-07,2018-10-03,87681,0,EN,1
4722,1,242,2018-01-26,2018-09-25,87783,0,EN,1
14102,1,216,2018-03-05,2018-10-07,87883,0,IT,1
10071,1,211,2018-03-15,2018-10-12,87906,0,IT,1
38916,1,194,2018-04-01,2018-10-12,87991,0,EN,1
4358,1,253,2018-02-01,2018-10-12,88101,0,EN,1
2982,1,264,2018-01-18,2018-10-09,88109,0,EN,1
148,0,187,2018-04-05,2018-10-09,88166,0,EN,0
273,0,138,2018-01-03,2018-05-21,88204,1,IT,0
7395,1,265,2018-01-20,2018-10-12,88486,0,EN,1
2022,1,218,2018-03-07,2018-10-11,88683,0,EN,1
1589,1,225,2018-03-01,2018-10-12,88884,0,EN,1
11081,0,278,2018-01-07,2018-10-12,88948,0,EN,1
4186,1,183,2018-04-10,2018-10-10,89038,0,EN,1
1022,0,270,2018-01-14,2018-10-11,89191,0,FR,0
1502,1,280,2018-01-05,2018-10-12,89257,0,EN,1
3878,1,220,2018-03-01,2018-10-07,89293,0,EN,1
136,0,208,2018-03-01,2018-09-25,89585,0,EN,0
1559,0,185,2018-04-10,2018-10-12,89586,0,EN,1
3424,0,219,2018-03-07,2018-10-12,89850,0,EN,1
1838,1,171,2018-04-19,2018-10-07,89974,0,EN,1
662,0,248,2018-01-31,2018-10-06,89975,0,EN,0
9272,1,243,2018-02-11,2018-10-12,90066,0,EN,1
3074,1,275,2018-01-10,2018-10-12,90177,0,DE,1
929,0,222,2018-03-03,2018-10-11,90183,0,EN,0
564,0,121,2018-04-15,2018-08-14,90186,0,EN,1
5430,0,205,2018-03-21,2018-10-12,90333,0,FR,0
11457,1,244,2018-02-10,2018-10-12,90466,0,EN,1
894,1,151,2018-03-27,2018-08-25,90700,0,EN,1
2915,1,276,2018-01-09,2018-10-12,90940,0,EN,1
2021,1,208,2018-03-18,2018-10-12,90995,0,EN,0
1428,0,189,2018-03-31,2018-10-06,91007,0,EN,0
1932,1,267,2018-01-18,2018-10-12,91073,0,EN,1
647,1,272,2018-01-11,2018-10-10,91247,0,EN,1
201,0,71,2018-03-23,2018-06-02,91334,1,EN,0
891,0,224,2018-03-01,2018-10-11,91710,0,EN,1
1816,1,239,2018-01-10,2018-09-06,92257,0,EN,0
4238,1,276,2018-01-08,2018-10-11,92431,0,EN,1
993,1,274,2018-01-11,2018-10-12,92727,0,IT,0
1473,1,222,2018-03-04,2018-10-12,92989,0,EN,1
5198,0,181,2018-03-26,2018-09-23,93002,0,EN,1
6843,1,276,2018-01-09,2018-10-12,93500,0,EN,1
205,1,211,2018-02-06,2018-09-05,93536,0,EN,0
664,1,245,2018-02-09,2018-10-12,93544,0,EN,1
3812,1,239,2018-02-15,2018-10-12,93605,0,EN,1
2025,1,248,2018-02-02,2018-10-08,93655,0,EN,1
7762,1,235,2018-02-12,2018-10-05,93748,0,EN,1
4336,0,258,2018-01-24,2018-10-09,93777,0,EN,1
32941,0,150,2018-04-23,2018-09-20,93854,0,EN,1
19,0,101,2018-02-15,2018-05-27,93860,1,EN,0
7280,1,267,2018-01-18,2018-10-12,93973,0,EN,1
569,1,231,2018-02-23,2018-10-12,94307,0,EN,0
2009,0,263,2018-01-18,2018-10-08,94464,0,EN,1
1290,1,157,2018-03-28,2018-09-01,94467,0,EN,0
2435,1,209,2018-03-14,2018-10-09,94550,0,EN,1
1535,1,193,2018-03-29,2018-10-08,94601,0,EN,0
2177,1,192,2018-04-02,2018-10-11,94861,0,EN,1
7584,1,246,2018-02-06,2018-10-10,95031,0,EN,0
9682,1,251,2018-01-16,2018-09-24,95305,0,EN,1
1118,0,182,2018-04-01,2018-09-30,95437,0,ES,1
918,1,243,2018-02-09,2018-10-10,95610,0,EN,1
4683,0,210,2018-03-15,2018-10-11,95636,0,FR,1
1938,0,278,2018-01-04,2018-10-09,95711,0,PT,1
21511,0,260,2018-01-25,2018-10-12,95819,0,EN,1
2292,0,165,2018-04-10,2018-09-22,96119,0,EN,1
2102,0,216,2018-03-10,2018-10-12,96242,0,EN,1
2132,0,263,2018-01-19,2018-10-09,96423,0,EN,1
6,0,98,2018-05-02,2018-08-08,96695,0,EN,0
1000,0,174,2018-03-20,2018-09-10,96835,0,EN,0
2685,1,256,2018-01-29,2018-10-12,96877,0,EN,1
533,1,188,2018-03-18,2018-09-22,97068,0,EN,0
2343,1,171,2018-04-23,2018-10-11,97214,0,EN,1
1163,1,254,2018-01-31,2018-10-12,97326,0,EN,1
7479,1,245,2018-02-06,2018-10-09,97444,0,EN,1
772,1,232,2018-02-19,2018-10-09,97458,0,EN,1
8606,1,269,2018-01-10,2018-10-06,97504,0,EN,1
488,1,188,2018-04-01,2018-10-06,98052,0,EN,0
12330,1,282,2018-01-03,2018-10-12,98272,0,EN,1
1124,0,255,2018-01-30,2018-10-12,98408,0,EN,1
1410,0,270,2018-01-07,2018-10-04,98492,0,FR,0
3311,1,181,2018-04-14,2018-10-12,98540,0,EN,1
334,0,153,2018-05-01,2018-10-01,98741,0,EN,0
2388,1,228,2018-02-22,2018-10-08,99104,0,EN,1
3145,1,268,2018-01-17,2018-10-12,99505,0,DE,1
57338,1,249,2018-02-05,2018-10-12,99507,0,EN,1
572,1,197,2018-02-28,2018-09-13,100110,0,EN,1
5573,1,272,2018-01-13,2018-10-12,100225,0,EN,1
1106,0,227,2018-02-18,2018-10-03,100480,0,EN,1
420,0,210,2018-03-15,2018-10-11,100516,0,EN,0
15832,1,195,2018-03-31,2018-10-12,100570,0,EN,1
15300,1,261,2018-01-24,2018-10-12,100690,0,EN,1
1365,0,220,2018-02-24,2018-10-02,100736,0,EN,1
946,0,226,2018-02-28,2018-10-12,100834,0,EN,0
930,0,225,2018-02-02,2018-09-15,100963,0,EN,1
2627,0,248,2018-02-06,2018-10-12,101023,0,DE,0
1919,0,200,2018-03-26,2018-10-12,101714,0,EN,1
2310,0,186,2018-04-09,2018-10-12,101846,0,EN,1
1167,0,247,2018-01-31,2018-10-05,102092,0,EN,1
6149,1,208,2018-03-18,2018-10-12,102224,0,EN,1
11864,1,282,2018-01-02,2018-10-11,102230,0,EN,1
1499,1,262,2018-01-23,2018-10-12,102259,0,PT,0
242,0,142,2018-02-17,2018-07-09,102419,1,EN,0
3200,1,268,2018-01-17,2018-10-12,102490,0,EN,1
3452,1,251,2018-02-03,2018-10-12,102703,0,EN,1
86505,1,238,2018-02-16,2018-10-12,102704,0,EN,1
2420,1,246,2018-02-08,2018-10-12,102837,0,EN,1
1783,1,241,2018-01-31,2018-09-29,102930,0,EN,1
46950,0,189,2018-04-06,2018-10-12,103294,0,ES,1
673,0,261,2018-01-19,2018-10-07,103361,0,EN,0
4249,1,187,2018-04-02,2018-10-06,103570,0,EN,1
2521,1,141,2018-04-24,2018-09-12,103731,0,EN,1
1161,0,246,2018-01-30,2018-10-03,103763,0,DE,0
3224,1,270,2018-01-15,2018-10-12,104304,0,EN,1
2894,1,277,2018-01-05,2018-10-09,105415,0,EN,1
8871,0,209,2018-03-17,2018-10-12,105511,0,EN,1
1218,1,256,2018-01-05,2018-09-18,105653,0,EN,0
13279,1,179,2018-04-16,2018-10-12,106213,0,EN,1
15826,1,196,2018-03-28,2018-10-10,106254,0,EN,1
3794,1,199,2018-03-21,2018-10-06,106453,0,EN,1
495,0,244,2018-01-28,2018-09-29,106454,0,EN,0
13551,1,206,2018-03-20,2018-10-12,106594,0,EN,1
327,0,227,2018-02-14,2018-09-29,106651,0,EN,1
64,1,219,2018-03-01,2018-10-06,106673,0,EN,0
707,0,278,2018-01-07,2018-10-12,106674,0,EN,0
4005,1,275,2018-01-10,2018-10-12,106701,0,EN,1
1266,0,265,2018-01-10,2018-10-02,106818,0,EN,0
215,0,229,2018-02-24,2018-10-11,106830,0,ES,0
10517,0,249,2018-02-05,2018-10-12,107137,0,EN,1
3640,1,199,2018-03-27,2018-10-12,107310,0,EN,1
22478,0,273,2018-01-12,2018-10-12,107852,0,PT,1
3433,1,249,2018-02-05,2018-10-12,107897,0,EN,1
1529,0,243,2018-02-10,2018-10-11,108030,0,EN,0
21991,1,273,2018-01-10,2018-10-10,108080,0,EN,1
163,0,219,2018-02-27,2018-10-04,108182,0,EN,0
57,0,113,2018-02-11,2018-06-04,108258,1,DE,0
3516,1,261,2018-01-22,2018-10-10,108361,0,EN,1
2206,0,205,2018-03-21,2018-10-12,108419,0,EN,0
1968,1,162,2018-04-18,2018-09-27,108433,0,EN,1
41293,1,229,2018-02-25,2018-10-12,108455,0,EN,1
6670,1,241,2018-02-13,2018-10-12,108670,0,EN,1
2560,0,246,2018-02-08,2018-10-12,108894,0,ES,1
340,0,36,2018-03-27,2018-05-02,108976,1,EN,0
1427,1,278,2018-01-01,2018-10-06,109407,0,EN,1
8448,1,254,2018-01-31,2018-10-12,109498,0,EN,1
4951,0,221,2018-03-05,2018-10-12,109617,0,EN,1
22507,1,244,2018-02-10,2018-10-12,109631,0,EN,1
9411,1,229,2018-02-25,2018-10-12,109747,0,EN,1
2152,0,233,2018-02-18,2018-10-09,110105,0,KO,0
1298,0,222,2018-03-01,2018-10-09,110365,0,KO,1
772,0,211,2018-03-15,2018-10-12,110438,0,EN,0
6750,1,247,2018-02-06,2018-10-11,110694,0,EN,1
248,1,273,2018-01-12,2018-10-12,110719,0,EN,1
1054,1,263,2018-01-22,2018-10-12,110732,0,EN,1
629,1,271,2018-01-11,2018-10-09,110832,0,EN,0
327,0,183,2018-03-05,2018-09-04,110935,0,EN,0
1011,0,197,2018-03-29,2018-10-12,111000,0,EN,0
24916,1,199,2018-03-27,2018-10-12,111356,0,EN,1
4537,1,281,2018-01-04,2018-10-12,111445,0,EN,0
501,1,254,2018-01-31,2018-10-12,111655,0,EN,1
666,1,213,2018-03-12,2018-10-11,111739,0,EN,1
3629,0,279,2018-01-06,2018-10-12,111896,0,IT,1
5163,0,182,2018-04-12,2018-10-11,111971,0,EN,1
1309,0,193,2018-04-02,2018-10-12,112007,0,EN,0
2092,0,198,2018-03-24,2018-10-08,112114,0,EN,1
5941,0,256,2018-01-24,2018-10-07,112367,0,EN,1
3466,1,193,2018-04-02,2018-10-12,112409,0,EN,1
12847,0,223,2018-03-03,2018-10-12,112412,0,EN,1
5904,1,205,2018-03-21,2018-10-12,112562,0,EN,1
3281,1,214,2018-03-06,2018-10-06,112729,0,EN,1
1677,1,261,2018-01-05,2018-09-23,112887,0,EN,1
6484,1,235,2018-02-11,2018-10-04,112924,0,EN,1
4038,1,256,2018-01-29,2018-10-12,112966,0,EN,1
3219,0,279,2018-01-02,2018-10-08,112993,0,EN,1
1537,1,263,2018-01-18,2018-10-08,112996,0,EN,1
16544,0,216,2018-03-09,2018-10-11,113122,0,EN,1
3514,0,241,2018-02-12,2018-10-11,113612,0,EN,1
6117,0,261,2018-01-19,2018-10-07,113668,0,EN,1
5589,0,264,2018-01-21,2018-10-12,113819,0,EN,1
4391,0,194,2018-04-01,2018-10-12,113908,0,PT,1
288,0,232,2018-02-16,2018-10-06,114040,0,EN,0
828,0,213,2018-03-13,2018-10-12,114136,0,EN,1
100305,0,262,2018-01-23,2018-10-12,114238,0,EN,0
1578,0,269,2018-01-05,2018-10-01,114249,0,EN,1
3407,0,272,2018-01-13,2018-10-12,114447,0,ES,1
1622,0,180,2018-03-31,2018-09-27,114521,0,OTHER,1
5032,1,252,2018-02-02,2018-10-12,114734,0,EN,1
908,1,172,2018-03-29,2018-09-17,114800,0,EN,1
479,0,232,2018-02-18,2018-10-08,114805,0,EN,0
446,0,228,2018-02-09,2018-09-25,114851,0,ES,0
2139,1,216,2018-03-10,2018-10-12,114885,0,EN,1
2185,1,234,2018-02-20,2018-10-12,114907,0,EN,1
100308,0,265,2018-01-20,2018-10-12,114948,0,EN,1
4325,1,198,2018-03-22,2018-10-06,115093,0,EN,1
2911,0,215,2018-03-11,2018-10-12,115124,0,EN,1
4488,0,150,2018-04-27,2018-09-24,115183,0,PT,1
17174,1,175,2018-04-20,2018-10-12,115219,0,EN,1
5345,1,188,2018-04-06,2018-10-11,115247,0,EN,1
1674,0,269,2018-01-16,2018-10-12,115325,0,RU,0
7091,0,200,2018-03-26,2018-10-12,115355,0,EN,1
7814,1,262,2018-01-23,2018-10-12,115773,0,EN,1
6037,0,284,2018-01-01,2018-10-12,116170,0,EN,1
1470,0,275,2018-01-10,2018-10-12,116239,0,EN,0
359,0,203,2018-03-14,2018-10-03,116264,0,EN,0
719,0,220,2018-02-03,2018-09-11,116429,0,EN,0
2234,0,224,2018-03-02,2018-10-12,116589,0,EN,0
711,0,232,2018-02-19,2018-10-09,116700,0,EN,0
5106,1,194,2018-04-01,2018-10-12,116774,0,EN,1
231,0,254,2018-01-31,2018-10-12,117017,0,EN,0
1420,1,255,2018-01-26,2018-10-08,117188,0,EN,1
2691,0,203,2018-03-21,2018-10-10,117359,0,EN,1
4886,1,201,2018-03-24,2018-10-11,117645,0,EN,1
76,0,148,2018-05-03,2018-09-28,117703,0,EN,0
1425,0,178,2018-04-16,2018-10-11,117744,0,EN,1
4702,0,246,2018-01-24,2018-09-27,117955,0,EN,1
250,0,207,2018-03-02,2018-09-25,118101,0,EN,0
5052,0,165,2018-04-30,2018-10-12,118159,0,ES,1
76471,1,227,2018-02-27,2018-10-12,118224,0,EN,1
2720,0,208,2018-03-11,2018-10-05,118256,0,EN,1
695,0,194,2018-04-01,2018-10-12,118495,0,EN,0
1632,1,209,2018-03-17,2018-10-12,118506,0,EN,1
4884,1,199,2018-03-26,2018-10-11,118546,0,EN,1
1899,0,277,2018-01-07,2018-10-11,118565,0,IT,0
3687,1,246,2018-02-06,2018-10-10,118593,0,EN,0
301,1,87,2018-03-01,2018-05-27,118890,1,FR,0
5506,1,282,2018-01-03,2018-10-12,119101,0,EN,1
1391,0,182,2018-03-13,2018-09-11,119266,0,EN,1
376,0,188,2018-04-07,2018-10-12,119539,0,EN,0
4711,1,259,2018-01-26,2018-10-12,119646,0,EN,1
2525,1,264,2018-01-21,2018-10-12,119685,0,EN,1
379,1,211,2018-02-18,2018-09-17,119756,0,EN,0
41,1,100,2018-03-29,2018-07-07,119812,1,EN,0
762,0,165,2018-04-30,2018-10-12,119893,0,FR,0
7324,0,205,2018-03-21,2018-10-12,120309,0,EN,1
2643,0,250,2018-02-01,2018-10-09,120329,0,EN,1
1743,0,281,2018-01-04,2018-10-12,120408,0,EN,1
585050,0,252,2018-02-02,2018-10-12,120421,0,PT,0
4766,1,249,2018-02-05,2018-10-12,120473,0,EN,1
1147,0,246,2018-01-11,2018-09-14,120477,0,EN,1
326,0,241,2018-01-31,2018-09-29,120480,0,EN,0
4536,1,271,2018-01-12,2018-10-10,120794,0,DE,1
386,1,186,2018-02-24,2018-08-29,120796,0,EN,0
4313,1,258,2018-01-27,2018-10-12,121177,0,EN,1
2412,0,169,2018-04-20,2018-10-06,121193,0,EN,1
137,1,220,2018-02-06,2018-09-14,121228,0,EN,0
3885,1,253,2018-01-31,2018-10-11,121254,0,EN,1
5019,1,227,2018-02-01,2018-09-16,121415,0,EN,1
1368,0,272,2018-01-13,2018-10-12,121530,0,TH,0
5223,1,181,2018-04-12,2018-10-10,121539,0,EN,1
4485,0,232,2018-02-20,2018-10-10,121621,0,ES,1
14919,1,273,2018-01-12,2018-10-12,122146,0,EN,1
10650,1,281,2018-01-04,2018-10-12,122165,0,EN,1
1486,1,274,2018-01-06,2018-10-07,122195,0,EN,0
12495,1,231,2018-01-24,2018-09-12,122240,0,EN,1
3919,1,236,2018-02-05,2018-09-29,122364,0,EN,1
328,1,216,2018-02-22,2018-09-26,122634,0,EN,0
908,1,154,2018-04-27,2018-09-28,122777,0,ES,0
1463,0,197,2018-03-03,2018-09-16,122876,0,EN,1
3041,1,205,2018-03-21,2018-10-12,123040,0,EN,1
145,0,232,2018-02-21,2018-10-11,123189,0,EN,0
4694,1,264,2018-01-21,2018-10-12,123490,0,EN,0
17017,1,210,2018-03-16,2018-10-12,123556,0,EN,1
35732,1,158,2018-05-07,2018-10-12,123641,0,EN,0
6969,1,229,2018-02-25,2018-10-12,123678,0,EN,1
28485,1,253,2018-02-01,2018-10-12,123789,0,FR,1
1923,0,280,2018-01-04,2018-10-11,123875,0,EN,1
1034,1,246,2018-02-08,2018-10-12,123968,0,EN,1
15203,1,248,2018-02-06,2018-10-12,124184,0,EN,1
2857,0,197,2018-03-27,2018-10-10,124237,0,EN,1
2157,0,276,2018-01-04,2018-10-07,124340,0,EN,1
972,0,250,2018-02-03,2018-10-11,124393,0,FR,1
8674,0,270,2018-01-15,2018-10-12,124416,0,EN,1
4048,0,268,2018-01-17,2018-10-12,124616,0,ES,1
1277,0,177,2018-04-18,2018-10-12,124646,0,EN,1
9283,1,225,2018-03-01,2018-10-12,124714,0,EN,1
3572,1,263,2018-01-21,2018-10-11,124715,0,EN,1
7188,1,228,2018-02-08,2018-09-24,124762,0,EN,1
2823,1,228,2018-02-25,2018-10-11,124918,0,EN,1
2034,1,227,2018-02-27,2018-10-12,125181,0,EN,1
255,0,206,2018-02-18,2018-09-12,125259,0,EN,0
1287,0,250,2018-02-04,2018-10-12,125578,0,EN,0
1324,1,250,2018-01-29,2018-10-06,125830,0,EN,1
1358,0,189,2018-03-30,2018-10-05,125898,0,PT,1
481,1,197,2018-03-20,2018-10-03,126077,0,EN,1
4426,1,257,2018-01-28,2018-10-12,126141,0,EN,1
1658,1,283,2018-01-02,2018-10-12,126323,0,EN,1
2965,1,184,2018-04-10,2018-10-11,126407,0,EN,1
1384,1,221,2018-03-01,2018-10-08,126761,0,EN,1
650,1,204,2018-03-22,2018-10-12,126938,0,EN,1
2458,1,246,2018-02-03,2018-10-07,126944,0,EN,1
28797,0,268,2018-01-17,2018-10-12,127000,0,EN,1
4940,0,225,2018-02-28,2018-10-11,127003,0,EN,1
7456,1,198,2018-03-28,2018-10-12,127134,0,EN,1
4122,0,269,2018-01-16,2018-10-12,127165,0,EN,1
1835,1,243,2018-02-09,2018-10-10,127242,0,EN,1
1037,1,181,2018-03-01,2018-08-29,127541,0,EN,1
1659,0,234,2018-02-20,2018-10-12,127618,0,IT,1
2553,0,250,2018-02-03,2018-10-11,127747,0,EN,1
5710,1,162,2018-05-03,2018-10-12,127993,0,EN,1
4920,0,262,2018-01-22,2018-10-11,128123,0,EN,1
2593,0,231,2018-02-23,2018-10-12,128360,0,EN,1
3976,0,213,2018-02-24,2018-09-25,128377,0,EN,1
2989,1,204,2018-03-22,2018-10-12,128735,0,EN,1
866,0,268,2018-01-17,2018-10-12,129005,0,ZH,1
2534,0,260,2018-01-22,2018-10-09,129039,0,EN,1
3232,1,259,2018-01-25,2018-10-11,129155,0,EN,1
3528,1,208,2018-03-15,2018-10-09,129161,0,EN,1
12459,1,193,2018-04-02,2018-10-12,129284,0,ZH,1
3461,0,213,2018-03-11,2018-10-10,129430,0,EN,1
34572,1,199,2018-03-24,2018-10-09,129513,0,PT,1
33740,0,255,2018-01-28,2018-10-10,129527,0,EN,1
35704,0,280,2018-01-05,2018-10-12,129842,0,FR,1
10006,1,203,2018-03-23,2018-10-12,129887,0,EN,1
786,1,223,2018-03-02,2018-10-11,130117,0,EN,1
520,1,279,2018-01-05,2018-10-11,130254,0,EN,0
2041,1,187,2018-04-03,2018-10-07,130271,0,EN,1
2887,1,194,2018-04-01,2018-10-12,130329,0,EN,1
18356,1,277,2018-01-08,2018-10-12,130540,0,ES,1
3228,1,216,2018-03-10,2018-10-12,130732,0,EN,1
819,0,217,2018-03-06,2018-10-09,131150,0,EN,1
819,0,224,2018-02-25,2018-10-07,131187,0,EN,0
368,0,201,2018-03-07,2018-09-24,131325,0,EN,0
7390,1,283,2018-01-02,2018-10-12,131386,0,EN,1
110637,0,266,2018-01-19,2018-10-12,131696,0,ES,1
21840,1,264,2018-01-21,2018-10-12,131802,0,EN,1
5580,0,172,2018-04-23,2018-10-12,132140,0,EN,1
5718,0,180,2018-02-22,2018-08-21,132390,0,EN,0
1341,1,240,2018-02-01,2018-09-29,132524,0,EN,1
12766,1,283,2018-01-02,2018-10-12,132541,0,EN,1
2491,1,267,2018-01-18,2018-10-12,132745,0,EN,1
11591,1,241,2018-02-13,2018-10-12,132837,0,EN,1
7492,1,276,2018-01-08,2018-10-11,132841,0,EN,1
4161,0,223,2018-03-03,2018-10-12,133359,0,KO,1
10545,1,195,2018-03-31,2018-10-12,133387,0,EN,1
1652,1,188,2018-04-07,2018-10-12,133770,0,EN,1
706,0,275,2018-01-10,2018-10-12,133832,0,EN,0
7426,0,253,2018-02-01,2018-10-12,133835,0,KO,1
24242,1,198,2018-03-28,2018-10-12,134027,0,EN,1
2905,0,195,2018-03-12,2018-09-23,134572,0,FR,1
2602,1,269,2018-01-11,2018-10-07,134652,0,EN,1
1229,0,265,2018-01-04,2018-09-26,134673,0,EN,1
3336,1,239,2018-02-15,2018-10-12,134732,0,EN,1
539,0,267,2018-01-11,2018-10-05,135455,0,EN,1
2193,1,256,2018-01-14,2018-09-27,135485,0,EN,1
1194,0,210,2018-03-14,2018-10-10,135616,0,EN,1
5364,0,215,2018-03-07,2018-10-08,135630,0,EN,1
2437,1,277,2018-01-04,2018-10-08,135779,0,EN,1
2809,0,260,2018-01-25,2018-10-12,135891,0,EN,1
3984,1,216,2018-03-10,2018-10-12,136032,0,EN,1
1204,1,229,2018-01-21,2018-09-07,136125,0,EN,1
3107,0,178,2018-03-23,2018-09-17,136182,0,DA,1
12600,0,231,2018-02-22,2018-10-11,136255,0,EN,1
13668,0,266,2018-01-14,2018-10-07,136657,0,ES,1
4268,1,189,2018-04-06,2018-10-12,136672,0,EN,1
9515,0,278,2018-01-07,2018-10-12,136750,0,EN,1
76,0,232,2018-02-22,2018-10-12,136824,0,EN,0
2828,1,228,2018-02-25,2018-10-11,136950,0,EN,1
2801,0,261,2018-01-16,2018-10-04,136967,0,FR,0
1337,1,265,2018-01-10,2018-10-02,137110,0,EN,1
314,0,160,2018-04-24,2018-10-01,137139,0,EN,0
8389,1,268,2018-01-17,2018-10-12,137243,0,EN,1
10094,1,233,2018-02-21,2018-10-12,137588,0,EN,1
1808,0,247,2018-02-07,2018-10-12,137650,0,EN,1
3039,0,158,2018-05-02,2018-10-07,137774,0,EN,1
10591,0,282,2018-01-03,2018-10-12,137810,0,FR,1
6752,1,263,2018-01-22,2018-10-12,137961,0,EN,1
18,0,148,2018-01-27,2018-06-24,137969,1,EN,0
2609,1,182,2018-04-11,2018-10-10,138311,0,EN,1
2095,1,175,2018-04-17,2018-10-09,138527,0,EN,1
1696,1,278,2018-01-06,2018-10-11,138539,0,EN,1
2369,0,206,2018-03-19,2018-10-11,138635,0,EN,1
417,0,222,2018-03-04,2018-10-12,138842,0,EN,0
282,0,138,2018-03-28,2018-08-13,138867,0,FR,0
1375,0,231,2018-02-16,2018-10-05,138927,0,EN,1
1958,0,275,2018-01-08,2018-10-10,139016,0,IT,1
811,1,209,2018-03-13,2018-10-08,139076,0,EN,1
402,0,180,2018-04-14,2018-10-11,139111,0,EN,1
8263,1,195,2018-03-31,2018-10-12,139609,0,EN,1
12949,0,250,2018-02-04,2018-10-12,139679,0,TH,1
6848,0,262,2018-01-23,2018-10-12,139757,0,EN,1
9113,0,185,2018-04-09,2018-10-11,139826,0,EN,1
1543,1,186,2018-04-06,2018-10-09,140141,0,EN,1
5491,0,282,2018-01-03,2018-10-12,140251,0,EN,1
882,1,201,2018-03-12,2018-09-29,140494,0,EN,1
1663,1,265,2018-01-20,2018-10-12,140570,0,EN,0
1214,0,253,2018-01-29,2018-10-09,141028,0,EN,1
30817,1,278,2018-01-07,2018-10-12,141042,0,DE,0
3772,1,222,2018-03-04,2018-10-12,141224,0,EN,1
2861,0,280,2018-01-04,2018-10-11,141241,0,EN,1
3703,1,181,2018-04-14,2018-10-12,141273,0,EN,1
4964,0,233,2018-02-21,2018-10-12,141378,0,EN,1
2799,1,214,2018-03-12,2018-10-12,141650,0,EN,1
2638,1,221,2018-03-04,2018-10-11,141686,0,EN,1
2963,0,263,2018-01-18,2018-10-08,141962,0,EN,1
5339,1,273,2018-01-12,2018-10-12,141968,0,EN,1
831,1,149,2018-05-02,2018-09-28,142016,0,EN,0
4495,1,272,2018-01-13,2018-10-12,142098,0,EN,1
10581,1,218,2018-03-08,2018-10-12,142120,0,EN,1
4668,0,208,2018-03-17,2018-10-11,142206,0,EN,1
2213,1,212,2018-03-10,2018-10-08,142334,0,EN,1
3698,0,206,2018-03-20,2018-10-12,142475,0,EN,1
13976,0,207,2018-03-19,2018-10-12,142661,0,EN,1
964,0,278,2018-01-06,2018-10-11,142805,0,EN,0
2564,0,208,2018-03-18,2018-10-12,142989,0,EN,1
2925,0,258,2018-01-27,2018-10-12,143022,0,EN,1
903,0,159,2018-04-28,2018-10-04,143299,0,EN,1
239,0,253,2018-01-17,2018-09-27,143347,0,EN,0
4291,0,226,2018-02-13,2018-09-27,143377,0,DE,1
8127,1,223,2018-02-26,2018-10-07,143414,0,EN,1
2472,0,239,2018-02-15,2018-10-12,143425,0,EN,1
1879,0,230,2018-02-09,2018-09-27,144055,0,EN,1
1554,1,191,2018-04-04,2018-10-12,144183,0,EN,1
560,0,106,2018-05-09,2018-08-23,144445,0,EN,0
1980,0,281,2018-01-03,2018-10-11,144499,0,EN,1
17821,1,206,2018-03-20,2018-10-12,144592,0,IT,1
400,0,258,2018-01-25,2018-10-10,144665,0,EN,0
301,0,250,2018-01-30,2018-10-07,144819,0,ES,0
581,0,212,2018-03-14,2018-10-12,144821,0,EN,1
1158,1,272,2018-01-12,2018-10-11,144989,0,EN,1
9138,0,162,2018-05-03,2018-10-12,145099,0,EN,0
1236,1,230,2018-02-24,2018-10-12,145148,0,EN,0
273,0,186,2018-04-08,2018-10-11,145245,0,FR,0
323,0,175,2018-04-15,2018-10-07,145264,0,EN,0
24536,1,283,2018-01-02,2018-10-12,145265,0,EN,1
9448,1,182,2018-04-13,2018-10-12,145500,0,EN,1
6801,0,228,2018-02-26,2018-10-12,145577,0,EN,1
4831,0,214,2018-03-12,2018-10-12,145694,0,KO,1
3342,1,276,2018-01-09,2018-10-12,145704,0,EN,1
1722,1,184,2018-03-31,2018-10-01,145717,0,EN,1
3472,1,227,2018-02-27,2018-10-12,145906,0,EN,1
3198,1,227,2018-02-27,2018-10-12,147076,0,EN,1
2674,0,262,2018-01-22,2018-10-11,147092,0,EN,1
1537,0,183,2018-03-18,2018-09-17,147112,0,EN,1
3086,0,242,2018-02-09,2018-10-09,147278,0,EN,1
2440,0,232,2018-02-22,2018-10-12,147298,0,EN,1
3747,1,273,2018-01-01,2018-10-01,147373,0,EN,1
9472,1,243,2018-02-11,2018-10-12,147512,0,EN,1
340,0,176,2018-04-03,2018-09-26,147558,0,JA,0
8106,0,239,2018-02-15,2018-10-12,147747,0,DE,1
1105,1,170,2018-04-25,2018-10-12,147875,0,EN,0
8645,1,220,2018-03-05,2018-10-11,148168,0,EN,1
531,0,225,2018-03-01,2018-10-12,148458,0,EN,0
38267,0,257,2018-01-28,2018-10-12,148481,0,PL,1
2356,0,177,2018-04-17,2018-10-11,148607,0,EN,1
970,0,204,2018-03-22,2018-10-12,148838,0,EN,0
3564,1,205,2018-03-21,2018-10-12,148844,0,EN,1
2447,0,252,2018-02-02,2018-10-12,149126,0,EN,1
5316,0,212,2018-03-14,2018-10-12,149170,0,FR,1
11720,1,256,2018-01-29,2018-10-12,149193,0,EN,1
794,1,275,2018-01-04,2018-10-06,149263,0,EN,0
1961,0,180,2018-04-15,2018-10-12,149298,0,EN,1
5083,0,180,2018-04-14,2018-10-11,149317,0,EN,1
1574,1,189,2018-03-26,2018-10-01,149342,0,EN,1
2390,1,101,2018-04-28,2018-08-07,149517,0,EN,0
10872,1,250,2018-01-26,2018-10-03,149721,0,EN,0
6429,0,182,2018-04-13,2018-10-12,149916,0,EN,1
3977,0,265,2018-01-20,2018-10-12,149942,0,EN,1
18751,1,247,2018-02-05,2018-10-10,149990,0,EN,1
5533,0,199,2018-03-27,2018-10-12,150053,0,ES,1
1550,0,251,2018-02-03,2018-10-12,150168,0,EN,0
6527,0,233,2018-02-05,2018-09-26,150198,0,EN,1
20064,1,272,2018-01-13,2018-10-12,150347,0,EN,1
1274,1,194,2018-04-01,2018-10-12,150419,0,EN,1
699,0,180,2018-03-14,2018-09-10,150687,0,EN,1
66002,1,283,2018-01-02,2018-10-12,150739,0,EN,1
27843,0,208,2018-03-18,2018-10-12,150821,0,EN,1
3137,0,265,2018-01-20,2018-10-12,151116,0,EN,1
5496,1,277,2018-01-08,2018-10-12,151138,0,EN,1
500,1,251,2018-01-26,2018-10-04,151272,0,EN,0
861,1,277,2018-01-06,2018-10-10,151293,0,EN,0
472,1,231,2018-02-20,2018-10-09,151371,0,EN,0
816,0,221,2018-03-02,2018-10-09,151425,0,EN,1
2299,1,262,2018-01-16,2018-10-05,151544,0,EN,1
5007,0,227,2018-02-27,2018-10-12,151571,0,IT,1
1618,0,210,2018-03-10,2018-10-06,152529,0,EN,1
6112,0,226,2018-02-28,2018-10-12,153021,0,EN,1
2224,1,217,2018-03-09,2018-10-12,153221,0,EN,1
1748,1,234,2018-02-20,2018-10-12,153252,0,EN,1
10575,0,265,2018-01-20,2018-10-12,153320,0,EN,1
107,0,172,2018-02-20,2018-08-11,153368,0,EN,0
538,1,200,2018-03-26,2018-10-12,153370,0,EN,0
5942,1,265,2018-01-18,2018-10-10,153392,0,EN,1
1494,1,242,2018-02-11,2018-10-11,153798,0,EN,1
3672,0,271,2018-01-13,2018-10-11,153893,0,EN,1
219,0,238,2018-02-15,2018-10-11,153909,0,EN,0
3874,1,186,2018-04-06,2018-10-09,154163,0,EN,1
39914,1,237,2018-02-17,2018-10-12,154499,0,DE,0
3880,1,193,2018-04-01,2018-10-11,154565,0,EN,1
2768,0,205,2018-03-07,2018-09-28,154677,0,EN,1
12550,0,182,2018-04-13,2018-10-12,154682,0,EN,1
417,1,120,2018-05-03,2018-08-31,154729,0,EN,0
8499,1,197,2018-03-29,2018-10-12,154765,0,EN,1
112,0,92,2018-03-12,2018-06-12,154903,1,EN,0
18005,1,204,2018-03-22,2018-10-12,155159,0,EN,1
149,0,228,2018-02-18,2018-10-04,155524,0,EN,0
224,0,237,2018-02-09,2018-10-04,155706,0,EN,0
7698,0,281,2018-01-04,2018-10-12,155832,0,EN,1
540,0,213,2018-03-02,2018-10-01,155904,0,EN,0
3336,1,212,2018-03-02,2018-09-30,156088,0,EN,1
107582,1,255,2018-01-30,2018-10-12,156274,0,EN,1
45258,1,202,2018-03-20,2018-10-08,156581,0,EN,1
2328,0,241,2018-02-13,2018-10-12,156668,0,EN,1
5106,1,270,2018-01-15,2018-10-12,156777,0,EN,1
3579,1,178,2018-04-15,2018-10-10,156930,0,EN,1
12389,1,172,2018-04-23,2018-10-12,157152,0,EN,1
22984,1,283,2018-01-02,2018-10-12,157263,0,EN,1
2507,1,205,2018-03-01,2018-09-22,157295,0,EN,1
1496,1,232,2018-02-18,2018-10-08,157577,0,EN,1
18074,0,219,2018-03-07,2018-10-12,157597,0,JA,1
836,0,272,2018-01-13,2018-10-12,157619,0,EN,0
1250,0,245,2018-02-08,2018-10-11,157723,0,EN,1
2926,0,278,2018-01-05,2018-10-10,157757,0,EN,0
133,0,211,2018-03-15,2018-10-12,157806,0,EN,0
2058,0,223,2018-02-23,2018-10-04,157810,0,EN,1
378,0,199,2018-03-27,2018-10-12,157910,0,EN,0
1750,0,218,2018-03-06,2018-10-10,158118,0,IT,1
4630,0,208,2018-03-18,2018-10-12,158177,0,EN,1
4867,0,166,2018-04-29,2018-10-12,158192,0,EN,1
703,0,276,2018-01-09,2018-10-12,158240,0,EN,0
1186,0,189,2018-04-02,2018-10-08,158252,0,EN,1
72,0,173,2018-04-07,2018-09-27,158289,0,FR,0
26065,1,256,2018-01-29,2018-10-12,158371,0,EN,1
1147,0,224,2018-03-01,2018-10-11,158424,0,EN,0
3139,0,242,2018-02-12,2018-10-12,158603,0,EN,1
809,0,190,2018-04-04,2018-10-11,158851,0,ES,0
288,0,227,2018-01-18,2018-09-02,158897,0,EN,0
167,0,273,2018-01-12,2018-10-12,158952,0,EN,0
2718,0,231,2018-02-23,2018-10-12,159034,0,EN,1
486,0,183,2018-03-03,2018-09-02,159061,0,EN,1
1748,0,255,2018-01-29,2018-10-11,159210,0,EN,1
2460,1,180,2018-04-01,2018-09-28,159214,0,EN,1
3891,1,228,2018-02-25,2018-10-11,159226,0,ES,1
13090,1,216,2018-03-10,2018-10-12,159229,0,ES,1
1453,0,252,2018-01-31,2018-10-10,159540,0,EN,1
355,1,197,2018-03-29,2018-10-12,159548,0,EN,0
1624,1,255,2018-01-28,2018-10-10,159701,0,EN,1
18593,0,284,2018-01-01,2018-10-12,159929,0,RU,1
2209,0,245,2018-02-09,2018-10-12,160032,0,ES,1
1352,0,230,2018-02-24,2018-10-12,160062,0,EN,1
2185,0,248,2018-02-01,2018-10-07,160185,0,EN,1
228,0,213,2018-03-05,2018-10-04,160264,0,ES,0
4283,1,189,2018-04-06,2018-10-12,160273,0,EN,1
5979,1,221,2018-03-05,2018-10-12,160310,0,EN,1
6074,1,279,2018-01-06,2018-10-12,160343,0,FR,1
28474,1,266,2018-01-19,2018-10-12,160363,0,ES,1
558,1,218,2018-01-13,2018-08-19,160442,0,EN,1
776,1,272,2018-01-10,2018-10-09,160550,0,EN,1
2721,1,205,2018-03-21,2018-10-12,160630,0,EN,1
8225,0,184,2018-03-26,2018-09-26,160640,0,EN,1
5115,1,203,2018-03-23,2018-10-12,160853,0,EN,1
4723,1,231,2018-02-23,2018-10-12,160869,0,EN,1
4030,1,247,2018-02-06,2018-10-11,160921,0,EN,1
3571,0,225,2018-03-01,2018-10-12,161004,0,FR,0
588,0,209,2018-03-15,2018-10-10,161155,0,EN,0
1703,1,283,2018-01-02,2018-10-12,161210,0,EN,1
3031,1,234,2018-02-14,2018-10-06,161262,0,EN,1
2350,0,212,2018-02-13,2018-09-13,161335,0,EN,1
981054,0,226,2018-02-28,2018-10-12,161364,0,ES,0
586,0,176,2018-04-09,2018-10-02,161366,0,ES,0
22203,1,245,2018-02-09,2018-10-12,161461,0,FR,1
615,1,236,2018-02-05,2018-09-29,161536,0,EN,1
791,0,275,2018-01-03,2018-10-05,162034,0,EN,0
749,1,219,2018-02-04,2018-09-11,162067,0,EN,0
6860,1,247,2018-02-06,2018-10-11,162194,0,EN,1
7446,0,187,2018-04-08,2018-10-12,162220,0,EN,1
5524,1,269,2018-01-13,2018-10-09,162499,0,EN,1
4890,1,223,2018-02-16,2018-09-27,162521,0,EN,1
302,0,213,2018-03-03,2018-10-02,162828,0,EN,0
2521,0,264,2018-01-20,2018-10-11,162942,0,EN,1
864,1,175,2018-03-21,2018-09-12,162955,0,EN,1
4232,1,259,2018-01-17,2018-10-03,162960,0,EN,1
37518,1,217,2018-03-09,2018-10-12,162974,0,EN,1
6134,0,206,2018-03-20,2018-10-12,163074,0,SV,1
851,1,258,2018-01-26,2018-10-11,163169,0,EN,0
6397,0,280,2018-01-05,2018-10-12,163291,0,EN,1
7213,1,188,2018-04-07,2018-10-12,163295,0,EN,1
7035,0,222,2018-03-04,2018-10-12,163432,0,EN,1
13324,0,275,2018-01-10,2018-10-12,163486,0,EN,1
19754,1,275,2018-01-10,2018-10-12,163696,0,FR,1
13119,0,203,2018-03-14,2018-10-03,163791,0,EN,1
1632,1,281,2018-01-04,2018-10-12,163969,0,EN,1
17177,0,276,2018-01-09,2018-10-12,164042,0,EN,1
15784,0,271,2018-01-14,2018-10-12,164342,0,EN,1
769,1,188,2018-04-03,2018-10-08,164434,0,EN,1
1705,0,216,2018-03-10,2018-10-12,164553,0,EN,1
3412,1,280,2018-01-05,2018-10-12,164751,0,EN,1
1618,0,230,2018-02-23,2018-10-11,165153,0,EN,1
6653,1,213,2018-03-13,2018-10-12,165155,0,EN,1
7416,0,229,2018-02-25,2018-10-12,165319,0,EN,1
7517,0,241,2018-02-13,2018-10-12,165367,0,EN,1
1291,0,117,2018-03-11,2018-07-06,165499,1,EN,1
1376,1,244,2018-02-10,2018-10-12,165521,0,EN,0
5446,1,259,2018-01-26,2018-10-12,165617,0,EN,1
175,1,232,2018-02-21,2018-10-11,165644,0,EN,0
6424,1,190,2018-04-02,2018-10-09,165680,0,EN,1
4209,0,266,2018-01-16,2018-10-09,165713,0,EN,1
3,0,74,2018-05-02,2018-07-15,165797,0,EN,0
2559,0,247,2018-02-04,2018-10-09,165811,0,EN,1
1137,0,274,2018-01-11,2018-10-12,165829,0,EN,1
2478,0,252,2018-02-02,2018-10-12,165908,0,EN,0
7236,0,214,2018-03-12,2018-10-12,166075,0,KO,1
6086,1,191,2018-04-03,2018-10-11,166175,0,EN,1
1912,1,211,2018-03-14,2018-10-11,166193,0,EN,1
537,1,203,2018-03-19,2018-10-08,166241,0,EN,1
1979,1,186,2018-04-04,2018-10-07,166356,0,EN,0
11975,1,208,2018-03-18,2018-10-12,166378,0,EN,1
14538,0,216,2018-03-10,2018-10-12,166457,0,EN,1
4811,1,277,2018-01-08,2018-10-12,166711,0,EN,1
1389,1,153,2018-05-07,2018-10-07,166846,0,EN,1
172,0,200,2018-03-22,2018-10-08,167036,0,EN,0
5788,1,222,2018-03-04,2018-10-12,167231,0,DE,0
676,1,219,2018-03-05,2018-10-10,167309,0,EN,1
2015,1,209,2018-02-28,2018-09-25,167395,0,EN,1
703,1,241,2018-01-16,2018-09-14,167402,0,EN,1
577,1,176,2018-04-19,2018-10-12,167555,0,EN,0
1601166,0,277,2018-01-08,2018-10-12,167576,0,FR,0
3827,1,246,2018-02-08,2018-10-12,167584,0,EN,1
6334,1,267,2018-01-18,2018-10-12,167647,0,EN,1
13203,1,223,2018-03-02,2018-10-11,167803,0,EN,1
4880,0,276,2018-01-07,2018-10-10,167807,0,EN,1
3702,0,198,2018-03-24,2018-10-08,167851,0,EN,1
3300,0,206,2018-03-19,2018-10-11,167895,0,EN,1
415,0,254,2018-01-09,2018-09-20,167965,0,EN,0
5335,1,253,2018-02-01,2018-10-12,168035,0,EN,1
83968,0,224,2018-03-02,2018-10-12,168045,0,KO,1
7187,0,271,2018-01-14,2018-10-12,168049,0,EN,1
13617,0,212,2018-03-14,2018-10-12,168053,0,EN,1
