original_id,new_id
70,1
135,2
177,3
198,4
354,5
411,6
430,7
432,8
457,9
497,10
504,11
512,12
555,13
588,14
611,15
656,16
754,17
880,18
963,19
1080,20
1112,21
1130,22
1152,23
1209,24
1263,25
1427,26
1461,27
1473,28
1478,29
1592,30
1643,31
1714,32
1780,33
1806,34
1837,35
1843,36
1845,37
1883,38
2005,39
2023,40
2047,41
2077,42
2088,43
2100,44
2109,45
2132,46
2139,47
2210,48
2267,49
2279,50
2365,51
2471,52
2573,53
2574,54
2578,55
2583,56
2588,57
2616,58
2629,59
2663,60
2677,61
2782,62
2860,63
2874,64
2939,65
2964,66
2993,67
3002,68
3028,69
3031,70
3140,71
3144,72
3187,73
3344,74
3472,75
3582,76
3608,77
3617,78
3628,79
3648,80
3670,81
3679,82
3831,83
3840,84
3867,85
3947,86
3992,87
4036,88
4043,89
4048,90
4062,91
4091,92
4128,93
4167,94
4193,95
4279,96
4293,97
4439,98
4461,99
4463,100
4500,101
4523,102
4526,103
4549,104
4577,105
4626,106
4699,107
4707,108
4753,109
4807,110
4870,111
4883,112
4915,113
4926,114
4941,115
5070,116
5081,117
5113,118
5139,119
5181,120
5262,121
5361,122
5474,123
5499,124
5526,125
5654,126
5660,127
5690,128
5747,129
5860,130
5937,131
5969,132
6096,133
6120,134
6125,135
6135,136
6169,137
6178,138
6241,139
6279,140
6310,141
6466,142
6488,143
6541,144
6557,145
6618,146
6623,147
6651,148
6658,149
6688,150
6707,151
6782,152
6809,153
6819,154
6867,155
6870,156
6875,157
6907,158
6910,159
6911,160
7007,161
7094,162
7250,163
7290,164
7302,165
7468,166
7475,167
7759,168
7797,169
7913,170
7973,171
7974,172
7997,173
8018,174
8042,175
8046,176
8071,177
8181,178
8241,179
8272,180
8273,181
8279,182
8287,183
8348,184
8375,185
8391,186
8396,187
8424,188
8453,189
8463,190
8508,191
8530,192
8590,193
8703,194
8717,195
8847,196
8911,197
9018,198
9060,199
9116,200
9124,201
9138,202
9154,203
9172,204
9332,205
9466,206
9575,207
9628,208
9654,209
9663,210
9712,211
9725,212
9821,213
9826,214
9864,215
9938,216
9948,217
9982,218
10046,219
10087,220
10135,221
10147,222
10322,223
10331,224
10364,225
10380,226
10400,227
10421,228
10451,229
10528,230
10599,231
10653,232
10711,233
10722,234
10728,235
10738,236
10768,237
10792,238
10798,239
10800,240
10836,241
10916,242
11016,243
11039,244
11077,245
11078,246
11093,247
11097,248
11098,249
11154,250
11172,251
11179,252
11337,253
11349,254
11351,255
11374,256
11579,257
11642,258
11644,259
11679,260
11708,261
11765,262
11842,263
11866,264
11930,265
11980,266
12121,267
12149,268
12154,269
12179,270
12200,271
12212,272
12221,273
12230,274
12314,275
12329,276
12337,277
12374,278
12409,279
12425,280
12431,281
12613,282
12648,283
12705,284
12747,285
12798,286
12852,287
12858,288
12865,289
12888,290
12919,291
12984,292
13011,293
13068,294
13110,295
13125,296
13160,297
13165,298
13241,299
13303,300
13349,301
13371,302
13421,303
13450,304
13484,305
13518,306
13546,307
13608,308
13631,309
13639,310
13696,311
13699,312
13735,313
13779,314
13811,315
13910,316
13911,317
13915,318
13957,319
13963,320
13978,321
14090,322
14157,323
14283,324
14512,325
14550,326
14577,327
14578,328
14607,329
14624,330
14643,331
14646,332
14676,333
14707,334
14747,335
14839,336
14844,337
14874,338
14953,339
14971,340
15057,341
15068,342
15118,343
15126,344
15183,345
15233,346
15315,347
15320,348
15321,349
15402,350
15556,351
15573,352
15694,353
15759,354
15863,355
15951,356
15953,357
15975,358
16093,359
16115,360
16182,361
16458,362
16492,363
16554,364
16556,365
16557,366
16576,367
16587,368
16637,369
16640,370
16641,371
16708,372
16736,373
16747,374
16839,375
16856,376
17031,377
17039,378
17111,379
17146,380
17324,381
17334,382
17400,383
17529,384
17544,385
17545,386
17607,387
17615,388
17650,389
17658,390
17722,391
17821,392
17823,393
17880,394
17908,395
17942,396
18017,397
18047,398
18058,399
18122,400
18182,401
18207,402
18251,403
18265,404
18296,405
18305,406
18312,407
18353,408
18385,409
18424,410
18586,411
18643,412
18649,413
18830,414
18876,415
18891,416
18904,417
18944,418
18960,419
18993,420
19002,421
19024,422
19127,423
19155,424
19181,425
19236,426
19315,427
19346,428
19354,429
19360,430
19362,431
19364,432
19365,433
19372,434
19434,435
19463,436
19498,437
19524,438
19601,439
19642,440
19703,441
19882,442
19886,443
19994,444
20017,445
20019,446
20022,447
20068,448
20076,449
20203,450
20215,451
20320,452
20354,453
20360,454
20367,455
20833,456
20836,457
20837,458
20916,459
21093,460
21098,461
21107,462
21146,463
21161,464
21187,465
21322,466
21443,467
21445,468
21478,469
21497,470
21563,471
21777,472
21813,473
21857,474
22059,475
22119,476
22138,477
22156,478
22334,479
22346,480
22408,481
22454,482
22484,483
22522,484
22596,485
22597,486
22659,487
22719,488
22850,489
22949,490
23005,491
23020,492
23075,493
23125,494
23138,495
23248,496
23260,497
23284,498
23344,499
23385,500
23465,501
23523,502
23529,503
23571,504
23583,505
23641,506
23662,507
23664,508
23727,509
23747,510
23795,511
23872,512
23980,513
24000,514
24097,515
24108,516
24166,517
24185,518
24196,519
24197,520
24206,521
24232,522
24416,523
24491,524
24516,525
24531,526
24620,527
24621,528
24646,529
24729,530
24796,531
24818,532
24832,533
24839,534
24875,535
24938,536
24984,537
24990,538
25054,539
25190,540
25224,541
25239,542
25278,543
25295,544
25328,545
25346,546
25420,547
25434,548
25461,549
25506,550
25545,551
25561,552
25591,553
25741,554
25752,555
25762,556
25787,557
25807,558
25837,559
25914,560
26027,561
26036,562
26085,563
26144,564
26219,565
26227,566
26346,567
26357,568
26466,569
26597,570
26656,571
26703,572
26704,573
26753,574
26761,575
26806,576
26880,577
26955,578
26960,579
26988,580
27013,581
27075,582
27093,583
27112,584
27177,585
27307,586
27312,587
27390,588
27427,589
27462,590
27490,591
27555,592
27599,593
27602,594
27662,595
27804,596
27856,597
27858,598
27982,599
27994,600
28021,601
28061,602
28067,603
28110,604
28120,605
28138,606
28191,607
28197,608
28203,609
28238,610
28278,611
28310,612
28342,613
28370,614
28432,615
28458,616
28488,617
28637,618
28653,619
28655,620
28668,621
29003,622
29032,623
29038,624
29039,625
29042,626
29309,627
29388,628
29413,629
29444,630
29555,631
29560,632
29580,633
29581,634
29596,635
29622,636
29689,637
29748,638
29799,639
29847,640
29870,641
29893,642
29937,643
29939,644
29962,645
29978,646
30024,647
30091,648
30198,649
30230,650
30231,651
30266,652
30297,653
30312,654
30399,655
30463,656
30523,657
30542,658
30585,659
30649,660
30687,661
30822,662
30827,663
30850,664
30937,665
30964,666
31034,667
31035,668
31141,669
31234,670
31256,671
31356,672
31464,673
31585,674
31587,675
31592,676
31636,677
31638,678
31666,679
31744,680
31756,681
31758,682
31779,683
31856,684
31923,685
31979,686
32027,687
32046,688
32049,689
32163,690
32241,691
32316,692
32324,693
32554,694
32596,695
32734,696
32768,697
32936,698
32978,699
33132,700
33139,701
33153,702
33196,703
33361,704
33367,705
33382,706
33428,707
33623,708
33713,709
33724,710
33852,711
33897,712
33928,713
33934,714
33946,715
34032,716
34034,717
34115,718
34194,719
34214,720
34235,721
34439,722
34464,723
34483,724
34557,725
34568,726
34635,727
34644,728
34665,729
34722,730
34762,731
34858,732
34884,733
34937,734
34989,735
35017,736
35267,737
35273,738
35307,739
35353,740
35361,741
35395,742
35417,743
35438,744
35454,745
35487,746
35560,747
35598,748
35613,749
35627,750
35642,751
35652,752
35656,753
35695,754
35769,755
35772,756
35857,757
35985,758
36015,759
36053,760
36072,761
36079,762
36113,763
36248,764
36492,765
36561,766
36572,767
36589,768
36665,769
36688,770
36704,771
36708,772
36738,773
36908,774
36909,775
36968,776
37008,777
37010,778
37054,779
37078,780
37088,781
37096,782
37102,783
37108,784
37161,785
37197,786
37221,787
37255,788
37285,789
37358,790
37372,791
37383,792
37437,793
37441,794
37477,795
37495,796
37575,797
37580,798
37592,799
37710,800
37787,801
37793,802
37853,803
37863,804
37956,805
38070,806
38083,807
38110,808
38286,809
38336,810
38363,811
38472,812
38553,813
38562,814
38570,815
38594,816
38619,817
38719,818
38852,819
38894,820
38923,821
38965,822
38995,823
39036,824
39063,825
39120,826
39171,827
39195,828
39207,829
39210,830
39330,831
39373,832
39374,833
39413,834
39457,835
39538,836
39556,837
39628,838
39699,839
39755,840
39825,841
39855,842
39865,843
39905,844
39944,845
39968,846
39989,847
40013,848
40022,849
40024,850
40046,851
40088,852
40195,853
40231,854
40232,855
40262,856
40331,857
40348,858
40368,859
40379,860
40385,861
40437,862
40491,863
40611,864
40697,865
40771,866
40971,867
41036,868
41090,869
41114,870
41169,871
41213,872
41242,873
41243,874
41268,875
41288,876
41351,877
41441,878
41520,879
41579,880
41636,881
41662,882
41706,883
41713,884
41783,885
41790,886
42059,887
42113,888
42127,889
42180,890
42196,891
42205,892
42220,893
42246,894
42254,895
42259,896
42352,897
42356,898
42364,899
42385,900
42429,901
42492,902
42541,903
42618,904
42829,905
42876,906
42960,907
43001,908
43053,909
43054,910
43075,911
43093,912
43111,913
43148,914
43192,915
43251,916
43309,917
43338,918
43360,919
43384,920
43435,921
43469,922
43521,923
43540,924
43542,925
43564,926
43627,927
43670,928
43681,929
43690,930
43694,931
43711,932
43722,933
43752,934
43932,935
44069,936
44131,937
44194,938
44250,939
44352,940
44438,941
44560,942
44582,943
44628,944
44662,945
44733,946
44760,947
44813,948
44917,949
44941,950
44947,951
44996,952
45002,953
45007,954
45033,955
45138,956
45217,957
45219,958
45228,959
45241,960
45252,961
45281,962
45286,963
45312,964
45369,965
45430,966
45666,967
45721,968
45762,969
45816,970
45879,971
45892,972
45957,973
46087,974
46206,975
46221,976
46271,977
46300,978
46309,979
46354,980
46368,981
46376,982
46388,983
46453,984
46467,985
46498,986
46587,987
46618,988
46627,989
46792,990
46802,991
46849,992
46863,993
46963,994
46980,995
47015,996
47054,997
47065,998
47119,999
47171,1000
47208,1001
47284,1002
47297,1003
47299,1004
47365,1005
47395,1006
47416,1007
47460,1008
47479,1009
47523,1010
47532,1011
47539,1012
47559,1013
47623,1014
47627,1015
47701,1016
47736,1017
47744,1018
47790,1019
47791,1020
47825,1021
47852,1022
47918,1023
48032,1024
48048,1025
48082,1026
48110,1027
48219,1028
48257,1029
48292,1030
48337,1031
48346,1032
48373,1033
48566,1034
48612,1035
48636,1036
48656,1037
48698,1038
48785,1039
48836,1040
48845,1041
48906,1042
48958,1043
48977,1044
48979,1045
49101,1046
49175,1047
49204,1048
49357,1049
49361,1050
49383,1051
49413,1052
49442,1053
49448,1054
49486,1055
49555,1056
49560,1057
49594,1058
49639,1059
49692,1060
49698,1061
49701,1062
49723,1063
49731,1064
49739,1065
49758,1066
49877,1067
49884,1068
49917,1069
49940,1070
49967,1071
49972,1072
50055,1073
50207,1074
50259,1075
50280,1076
50430,1077
50478,1078
50513,1079
50585,1080
50603,1081
50647,1082
50716,1083
50722,1084
50752,1085
50753,1086
50787,1087
50857,1088
51146,1089
51197,1090
51233,1091
51363,1092
51458,1093
51471,1094
51500,1095
51557,1096
51615,1097
51833,1098
51867,1099
51880,1100
51915,1101
51961,1102
51977,1103
52000,1104
52024,1105
52030,1106
52079,1107
52104,1108
52105,1109
52106,1110
52113,1111
52116,1112
52134,1113
52191,1114
52237,1115
52241,1116
52254,1117
52279,1118
52434,1119
52506,1120
52587,1121
52593,1122
52601,1123
52603,1124
52610,1125
52673,1126
52682,1127
52748,1128
52768,1129
52770,1130
52807,1131
52862,1132
52980,1133
53013,1134
53038,1135
53089,1136
53091,1137
53159,1138
53227,1139
53271,1140
53321,1141
53336,1142
53362,1143
53367,1144
53390,1145
53439,1146
53471,1147
53562,1148
53593,1149
53632,1150
53681,1151
53738,1152
53812,1153
53834,1154
53876,1155
54022,1156
54082,1157
54093,1158
54114,1159
54223,1160
54296,1161
54299,1162
54335,1163
54356,1164
54377,1165
54395,1166
54405,1167
54427,1168
54479,1169
54487,1170
54514,1171
54615,1172
54635,1173
54661,1174
54676,1175
54745,1176
54757,1177
54763,1178
54767,1179
54788,1180
54807,1181
54822,1182
54910,1183
54928,1184
54969,1185
55044,1186
55089,1187
55101,1188
55143,1189
55144,1190
55147,1191
55198,1192
55254,1193
55342,1194
55370,1195
55418,1196
55441,1197
55443,1198
55448,1199
55455,1200
55588,1201
55725,1202
55735,1203
55847,1204
55903,1205
56085,1206
56094,1207
56116,1208
56203,1209
56213,1210
56264,1211
56312,1212
56341,1213
56409,1214
56411,1215
56431,1216
56569,1217
56635,1218
56669,1219
56719,1220
56738,1221
56790,1222
56796,1223
56802,1224
56819,1225
56851,1226
56896,1227
56933,1228
56954,1229
56997,1230
57049,1231
57128,1232
57144,1233
57201,1234
57245,1235
57300,1236
57316,1237
57341,1238
57345,1239
57416,1240
57447,1241
57456,1242
57536,1243
57556,1244
57586,1245
57605,1246
57641,1247
57722,1248
57812,1249
57887,1250
57889,1251
57917,1252
58056,1253
58110,1254
58147,1255
58173,1256
58189,1257
58242,1258
58288,1259
58340,1260
58347,1261
58375,1262
58404,1263
58489,1264
58508,1265
58629,1266
58649,1267
58679,1268
58735,1269
58783,1270
58789,1271
58802,1272
58891,1273
58893,1274
58901,1275
58906,1276
58909,1277
58920,1278
58937,1279
58975,1280
58987,1281
59043,1282
59108,1283
59110,1284
59111,1285
59116,1286
59160,1287
59205,1288
59223,1289
59257,1290
59301,1291
59384,1292
59388,1293
59390,1294
59570,1295
59618,1296
59641,1297
59697,1298
59761,1299
59827,1300
59829,1301
59865,1302
59915,1303
59996,1304
60002,1305
60054,1306
60125,1307
60196,1308
60204,1309
60280,1310
60313,1311
60387,1312
60407,1313
60516,1314
60756,1315
60807,1316
60818,1317
60898,1318
61158,1319
61179,1320
61191,1321
61242,1322
61243,1323
61263,1324
61299,1325
61448,1326
61475,1327
61483,1328
61532,1329
61541,1330
61576,1331
61593,1332
61630,1333
61652,1334
61654,1335
61682,1336
61739,1337
61828,1338
61893,1339
61905,1340
62019,1341
62033,1342
62039,1343
62060,1344
62064,1345
62065,1346
62127,1347
62131,1348
62233,1349
62329,1350
62333,1351
62336,1352
62347,1353
62356,1354
62484,1355
62497,1356
62538,1357
62579,1358
62592,1359
62636,1360
62756,1361
62782,1362
62834,1363
62941,1364
62947,1365
63064,1366
63182,1367
63196,1368
63368,1369
63385,1370
63423,1371
63432,1372
63456,1373
63549,1374
63639,1375
63665,1376
63702,1377
63715,1378
63745,1379
63755,1380
63802,1381
63834,1382
63856,1383
63876,1384
63881,1385
64098,1386
64159,1387
64171,1388
64187,1389
64238,1390
64270,1391
64278,1392
64396,1393
64688,1394
64814,1395
64873,1396
64913,1397
64982,1398
65016,1399
65045,1400
65076,1401
65082,1402
65099,1403
65209,1404
65339,1405
65438,1406
65487,1407
65556,1408
65574,1409
65635,1410
65639,1411
65649,1412
65705,1413
65752,1414
65894,1415
65914,1416
65920,1417
65951,1418
65952,1419
65957,1420
65992,1421
66016,1422
66057,1423
66102,1424
66145,1425
66192,1426
66208,1427
66242,1428
66316,1429
66398,1430
66474,1431
66493,1432
66550,1433
66583,1434
66584,1435
66626,1436
66676,1437
66683,1438
66777,1439
66950,1440
66981,1441
67047,1442
67048,1443
67074,1444
67098,1445
67155,1446
67161,1447
67289,1448
67302,1449
67368,1450
67382,1451
67569,1452
67633,1453
67645,1454
67702,1455
67714,1456
67884,1457
67903,1458
67963,1459
67968,1460
68007,1461
68093,1462
68281,1463
68316,1464
68327,1465
68349,1466
68377,1467
68426,1468
68465,1469
68470,1470
68492,1471
68654,1472
68687,1473
68692,1474
68784,1475
68982,1476
69092,1477
69124,1478
69203,1479
69242,1480
69250,1481
69283,1482
69371,1483
69473,1484
69746,1485
69759,1486
69834,1487
69852,1488
69859,1489
69865,1490
69879,1491
69930,1492
69931,1493
69939,1494
69948,1495
69952,1496
70014,1497
70054,1498
70127,1499
70136,1500
70201,1501
70342,1502
70412,1503
70454,1504
70492,1505
70537,1506
70552,1507
70670,1508
70675,1509
70706,1510
70728,1511
70733,1512
70841,1513
70922,1514
70959,1515
71033,1516
71072,1517
71125,1518
71133,1519
71159,1520
71165,1521
71264,1522
71305,1523
71352,1524
71370,1525
71415,1526
71422,1527
71436,1528
71449,1529
71502,1530
71516,1531
71526,1532
71533,1533
71551,1534
71577,1535
71589,1536
71646,1537
71676,1538
71772,1539
71810,1540
71844,1541
71873,1542
71964,1543
71982,1544
71983,1545
72004,1546
72077,1547
72140,1548
72159,1549
72178,1550
72324,1551
72339,1552
72467,1553
72477,1554
72513,1555
72597,1556
72624,1557
72702,1558
72718,1559
72813,1560
72855,1561
72875,1562
72992,1563
73049,1564
73069,1565
73080,1566
73174,1567
73186,1568
73222,1569
73233,1570
73242,1571
73374,1572
73430,1573
73437,1574
73464,1575
73610,1576
73650,1577
73762,1578
73879,1579
73898,1580
73907,1581
73918,1582
73922,1583
73949,1584
73973,1585
73981,1586
74017,1587
74021,1588
74093,1589
74094,1590
74187,1591
74247,1592
74283,1593
74292,1594
74300,1595
74308,1596
74341,1597
74368,1598
74427,1599
74445,1600
74514,1601
74530,1602
74544,1603
74668,1604
74783,1605
74827,1606
74864,1607
74884,1608
74921,1609
74953,1610
75096,1611
75121,1612
75190,1613
75197,1614
75254,1615
75398,1616
75435,1617
75485,1618
75534,1619
75550,1620
75631,1621
75675,1622
75736,1623
75805,1624
75831,1625
75854,1626
75949,1627
75962,1628
75995,1629
76007,1630
76028,1631
76029,1632
76057,1633
76125,1634
76170,1635
76253,1636
76354,1637
76440,1638
76455,1639
76459,1640
76550,1641
76560,1642
76561,1643
76641,1644
76733,1645
76736,1646
76772,1647
76888,1648
76928,1649
76962,1650
77001,1651
77053,1652
77054,1653
77065,1654
77132,1655
77137,1656
77154,1657
77168,1658
77285,1659
77292,1660
77335,1661
77379,1662
77384,1663
77414,1664
77416,1665
77514,1666
77520,1667
77571,1668
77578,1669
77681,1670
77686,1671
77830,1672
77936,1673
77989,1674
77993,1675
77998,1676
78010,1677
78203,1678
78301,1679
78345,1680
78382,1681
78407,1682
78594,1683
78635,1684
78738,1685
78819,1686
78830,1687
78837,1688
78852,1689
78882,1690
78884,1691
78887,1692
78895,1693
78901,1694
78904,1695
78941,1696
78968,1697
79198,1698
79204,1699
79206,1700
79233,1701
79235,1702
79242,1703
79390,1704
79502,1705
79523,1706
79556,1707
79557,1708
79570,1709
79657,1710
79838,1711
79859,1712
79926,1713
79988,1714
80078,1715
80249,1716
80263,1717
80302,1718
80330,1719
80340,1720
80402,1721
80404,1722
80447,1723
80449,1724
80492,1725
80500,1726
80516,1727
80606,1728
80637,1729
80814,1730
80826,1731
80894,1732
80923,1733
80989,1734
81186,1735
81188,1736
81223,1737
81229,1738
81318,1739
81402,1740
81486,1741
81509,1742
81525,1743
81556,1744
81579,1745
81599,1746
81690,1747
81720,1748
81764,1749
81787,1750
81788,1751
81899,1752
81959,1753
82069,1754
82106,1755
82138,1756
82148,1757
82173,1758
82195,1759
82234,1760
82299,1761
82448,1762
82463,1763
82481,1764
82496,1765
82501,1766
82513,1767
82520,1768
82565,1769
82648,1770
82722,1771
82788,1772
82867,1773
82971,1774
82987,1775
83103,1776
83111,1777
83162,1778
83276,1779
83354,1780
83364,1781
83426,1782
83436,1783
83603,1784
83625,1785
83673,1786
83692,1787
83739,1788
83787,1789
83804,1790
83868,1791
83947,1792
83953,1793
83986,1794
83989,1795
84002,1796
84095,1797
84138,1798
84251,1799
84294,1800
84344,1801
84392,1802
84467,1803
84468,1804
84514,1805
84539,1806
84543,1807
84646,1808
84706,1809
84798,1810
84822,1811
84835,1812
84909,1813
84920,1814
84934,1815
85047,1816
85051,1817
85086,1818
85114,1819
85148,1820
85175,1821
85209,1822
85337,1823
85344,1824
85363,1825
85364,1826
85407,1827
85417,1828
85440,1829
85531,1830
85559,1831
85639,1832
85656,1833
85681,1834
85726,1835
85736,1836
85834,1837
85857,1838
85879,1839
85886,1840
85898,1841
86005,1842
86147,1843
86179,1844
86185,1845
86190,1846
86197,1847
86201,1848
86270,1849
86315,1850
86480,1851
86616,1852
86762,1853
86816,1854
86895,1855
86987,1856
87033,1857
87037,1858
87060,1859
87074,1860
87090,1861
87185,1862
87207,1863
87296,1864
87334,1865
87347,1866
87391,1867
87461,1868
87495,1869
87563,1870
87590,1871
87594,1872
87601,1873
87681,1874
87720,1875
87729,1876
87752,1877
87753,1878
87783,1879
87784,1880
87827,1881
87863,1882
87883,1883
87906,1884
87991,1885
88101,1886
88109,1887
88129,1888
88166,1889
88190,1890
88204,1891
88264,1892
88366,1893
88408,1894
88486,1895
88683,1896
88719,1897
88884,1898
88904,1899
88948,1900
88989,1901
89026,1902
89038,1903
89090,1904
89132,1905
89183,1906
89191,1907
89200,1908
89210,1909
89215,1910
89247,1911
89257,1912
89285,1913
89286,1914
89293,1915
89394,1916
89426,1917
89457,1918
89469,1919
89484,1920
89488,1921
89507,1922
89578,1923
89585,1924
89586,1925
89699,1926
89757,1927
89809,1928
89850,1929
89962,1930
89974,1931
89975,1932
89986,1933
90025,1934
90066,1935
90133,1936
90177,1937
90183,1938
90186,1939
90282,1940
90325,1941
90333,1942
90335,1943
90397,1944
90440,1945
90466,1946
90540,1947
90549,1948
90574,1949
90657,1950
90700,1951
90708,1952
90774,1953
90813,1954
90825,1955
90940,1956
90995,1957
91007,1958
91073,1959
91247,1960
91293,1961
91334,1962
91391,1963
91528,1964
91542,1965
91589,1966
91593,1967
91701,1968
91707,1969
91710,1970
91728,1971
91844,1972
91948,1973
91958,1974
91966,1975
92022,1976
92073,1977
92081,1978
92106,1979
92196,1980
92205,1981
92257,1982
92343,1983
92431,1984
92458,1985
92518,1986
92708,1987
92720,1988
92727,1989
92772,1990
92788,1991
92803,1992
92819,1993
92951,1994
92968,1995
92989,1996
93002,1997
93037,1998
93047,1999
93093,2000
93233,2001
93264,2002
93322,2003
93332,2004
93341,2005
93452,2006
93500,2007
93504,2008
93536,2009
93544,2010
93605,2011
93647,2012
93655,2013
93748,2014
93777,2015
93780,2016
93854,2017
93860,2018
93901,2019
93908,2020
93973,2021
93991,2022
94109,2023
94172,2024
94202,2025
94213,2026
94256,2027
94278,2028
94307,2029
94445,2030
94449,2031
94464,2032
94467,2033
94481,2034
94490,2035
94503,2036
94509,2037
94550,2038
94562,2039
94601,2040
94711,2041
94861,2042
95031,2043
95060,2044
95117,2045
95152,2046
95265,2047
95275,2048
95305,2049
95367,2050
95437,2051
95468,2052
95480,2053
95572,2054
95610,2055
95636,2056
95711,2057
95731,2058
95753,2059
95783,2060
95819,2061
96008,2062
96074,2063
96080,2064
96119,2065
96124,2066
96155,2067
96193,2068
96242,2069
96423,2070
96695,2071
96699,2072
96731,2073
96741,2074
96758,2075
96789,2076
96835,2077
96852,2078
96865,2079
96877,2080
96914,2081
97049,2082
97068,2083
97073,2084
97162,2085
97214,2086
97304,2087
97326,2088
97383,2089
97444,2090
97458,2091
97504,2092
97507,2093
97648,2094
97651,2095
97659,2096
97720,2097
97818,2098
97841,2099
97842,2100
97898,2101
97944,2102
98052,2103
98077,2104
98122,2105
98272,2106
98298,2107
98315,2108
98408,2109
98410,2110
98433,2111
98441,2112
98456,2113
98492,2114
98493,2115
98540,2116
98741,2117
98759,2118
98786,2119
98798,2120
98865,2121
99104,2122
99142,2123
99178,2124
99200,2125
99298,2126
99391,2127
99482,2128
99505,2129
99507,2130
99531,2131
99579,2132
99589,2133
99601,2134
99887,2135
99897,2136
99913,2137
100023,2138
100052,2139
100073,2140
100089,2141
100110,2142
100137,2143
100152,2144
100225,2145
100242,2146
100348,2147
100363,2148
100389,2149
100480,2150
100516,2151
100543,2152
100567,2153
100570,2154
100666,2155
100690,2156
100709,2157
100736,2158
100765,2159
100784,2160
100834,2161
100963,2162
100984,2163
101023,2164
101202,2165
101309,2166
101318,2167
101357,2168
101433,2169
101441,2170
101564,2171
101587,2172
101714,2173
101758,2174
101806,2175
101846,2176
101903,2177
101924,2178
101999,2179
102006,2180
102016,2181
102092,2182
102112,2183
102122,2184
102184,2185
102224,2186
102230,2187
102259,2188
102291,2189
102352,2190
102372,2191
102419,2192
102471,2193
102490,2194
102659,2195
102670,2196
102703,2197
102704,2198
102768,2199
102775,2200
102790,2201
102837,2202
102892,2203
102930,2204
102956,2205
103294,2206
103304,2207
103334,2208
103348,2209
103361,2210
103432,2211
103480,2212
103513,2213
103570,2214
103573,2215
103587,2216
103674,2217
103679,2218
103724,2219
103731,2220
103763,2221
103773,2222
103797,2223
103821,2224
103857,2225
104018,2226
104023,2227
104070,2228
104127,2229
104171,2230
104232,2231
104283,2232
104294,2233
104304,2234
104435,2235
104455,2236
104568,2237
104628,2238
104640,2239
104645,2240
104697,2241
104743,2242
104800,2243
104948,2244
104979,2245
105048,2246
105179,2247
105239,2248
105249,2249
105293,2250
105318,2251
105377,2252
105415,2253
105511,2254
105537,2255
105588,2256
105617,2257
105637,2258
105653,2259
105778,2260
105820,2261
105853,2262
105863,2263
105941,2264
106044,2265
106169,2266
106213,2267
106254,2268
106259,2269
106293,2270
106349,2271
106438,2272
106453,2273
106454,2274
106511,2275
106522,2276
106541,2277
106548,2278
106594,2279
106617,2280
106635,2281
106651,2282
106673,2283
106674,2284
106681,2285
106701,2286
106744,2287
106791,2288
106818,2289
106830,2290
107044,2291
107128,2292
107137,2293
107189,2294
107252,2295
107310,2296
107316,2297
107448,2298
107465,2299
107540,2300
107591,2301
107622,2302
107623,2303
107629,2304
107644,2305
107676,2306
107851,2307
107852,2308
107873,2309
107875,2310
107897,2311
107997,2312
108030,2313
108058,2314
108080,2315
108082,2316
108178,2317
108182,2318
108190,2319
108249,2320
108258,2321
108298,2322
108361,2323
108372,2324
108402,2325
108405,2326
108415,2327
108419,2328
108433,2329
108455,2330
108459,2331
108520,2332
108670,2333
108894,2334
108965,2335
108976,2336
109036,2337
109225,2338
109235,2339
109249,2340
109250,2341
109389,2342
109407,2343
109498,2344
109569,2345
109587,2346
109593,2347
109611,2348
109617,2349
109631,2350
109643,2351
109683,2352
109730,2353
109740,2354
109747,2355
109919,2356
110105,2357
110121,2358
110144,2359
110151,2360
110154,2361
110181,2362
110196,2363
110344,2364
110365,2365
110372,2366
110438,2367
110607,2368
110625,2369
110639,2370
110661,2371
110680,2372
110694,2373
110712,2374
110715,2375
110719,2376
110732,2377
110832,2378
110868,2379
110871,2380
110935,2381
110988,2382
111000,2383
111001,2384
111082,2385
111084,2386
111102,2387
111141,2388
111249,2389
111299,2390
111301,2391
111331,2392
111356,2393
111445,2394
111504,2395
111655,2396
111739,2397
111779,2398
111850,2399
111868,2400
111896,2401
111959,2402
111971,2403
112007,2404
112062,2405
112108,2406
112114,2407
112328,2408
112367,2409
112409,2410
112412,2411
112562,2412
112639,2413
112729,2414
112738,2415
112790,2416
112840,2417
112842,2418
112887,2419
112924,2420
112966,2421
112993,2422
112996,2423
113087,2424
113122,2425
113279,2426
113351,2427
113564,2428
113572,2429
113588,2430
113612,2431
113668,2432
113669,2433
113819,2434
113836,2435
113848,2436
113866,2437
113889,2438
113896,2439
113908,2440
113957,2441
113969,2442
114040,2443
114041,2444
114074,2445
114085,2446
114136,2447
114157,2448
114206,2449
114213,2450
114238,2451
114249,2452
114370,2453
114442,2454
114447,2455
114521,2456
114576,2457
114679,2458
114734,2459
114800,2460
114805,2461
114851,2462
114854,2463
114879,2464
114885,2465
114907,2466
114948,2467
115015,2468
115037,2469
115093,2470
115124,2471
115133,2472
115175,2473
115183,2474
115219,2475
115227,2476
115247,2477
115274,2478
115277,2479
115308,2480
115325,2481
115355,2482
115412,2483
115497,2484
115605,2485
115720,2486
115768,2487
115773,2488
115803,2489
115931,2490
115964,2491
115967,2492
115978,2493
115986,2494
115995,2495
116081,2496
116155,2497
116170,2498
116239,2499
116264,2500
116382,2501
116401,2502
116429,2503
116449,2504
116512,2505
116583,2506
116589,2507
116654,2508
116667,2509
116685,2510
116700,2511
116774,2512
116791,2513
116795,2514
116915,2515
116932,2516
117017,2517
117174,2518
117188,2519
117281,2520
117359,2521
117463,2522
117569,2523
117595,2524
117615,2525
117645,2526
117657,2527
117660,2528
117696,2529
117703,2530
117709,2531
117744,2532
117781,2533
117955,2534
118050,2535
118101,2536
118159,2537
118179,2538
118224,2539
118256,2540
118289,2541
118295,2542
118306,2543
118311,2544
118319,2545
118495,2546
118506,2547
118546,2548
118565,2549
118593,2550
118629,2551
118779,2552
118801,2553
118837,2554
118875,2555
118890,2556
118894,2557
118908,2558
118976,2559
119060,2560
119073,2561
119098,2562
119101,2563
119197,2564
119231,2565
119233,2566
119266,2567
119292,2568
119310,2569
119323,2570
119362,2571
119420,2572
119506,2573
119519,2574
119539,2575
119646,2576
119685,2577
119686,2578
119753,2579
119756,2580
119763,2581
119812,2582
119820,2583
119851,2584
119886,2585
119893,2586
119938,2587
120233,2588
120250,2589
120260,2590
120309,2591
120329,2592
120343,2593
120408,2594
120421,2595
120473,2596
120477,2597
120480,2598
120491,2599
120553,2600
120558,2601
120568,2602
120584,2603
120590,2604
120626,2605
120646,2606
120794,2607
120796,2608
120816,2609
120933,2610
121123,2611
121177,2612
121193,2613
121207,2614
121228,2615
121254,2616
121274,2617
121405,2618
121415,2619
121429,2620
121438,2621
121528,2622
121530,2623
121539,2624
121564,2625
121621,2626
121678,2627
121762,2628
121920,2629
122048,2630
122088,2631
122094,2632
122146,2633
122165,2634
122195,2635
122240,2636
122293,2637
122355,2638
122362,2639
122364,2640
122365,2641
122376,2642
122383,2643
122425,2644
122634,2645
122673,2646
122777,2647
122806,2648
122824,2649
122844,2650
122876,2651
122934,2652
122989,2653
123040,2654
123147,2655
123173,2656
123189,2657
123490,2658
123556,2659
123641,2660
123678,2661
123721,2662
123726,2663
123776,2664
123789,2665
123875,2666
123957,2667
123964,2668
123968,2669
124098,2670
124184,2671
124218,2672
124237,2673
124269,2674
124287,2675
124340,2676
124393,2677
124396,2678
124407,2679
124416,2680
124479,2681
124541,2682
124616,2683
124643,2684
124646,2685
124714,2686
124715,2687
124762,2688
124853,2689
124891,2690
124918,2691
124926,2692
124944,2693
125050,2694
125062,2695
125127,2696
125160,2697
125181,2698
125222,2699
125257,2700
125259,2701
125300,2702
125355,2703
125411,2704
125568,2705
125578,2706
125655,2707
125716,2708
125775,2709
125830,2710
125898,2711
125925,2712
125938,2713
125972,2714
125994,2715
126077,2716
126087,2717
126141,2718
126144,2719
126156,2720
126323,2721
126335,2722
126390,2723
126407,2724
126468,2725
126508,2726
126532,2727
126559,2728
126761,2729
126815,2730
126926,2731
126938,2732
126944,2733
127000,2734
127003,2735
127134,2736
127165,2737
127242,2738
127259,2739
127369,2740
127379,2741
127445,2742
127476,2743
127524,2744
127541,2745
127582,2746
127618,2747
127700,2748
127747,2749
127787,2750
127789,2751
127843,2752
127847,2753
127976,2754
127993,2755
128020,2756
128120,2757
128123,2758
128146,2759
128165,2760
128216,2761
128300,2762
128321,2763
128360,2764
128377,2765
128454,2766
128458,2767
128518,2768
128534,2769
128548,2770
128561,2771
128691,2772
128702,2773
128735,2774
128740,2775
128773,2776
128807,2777
128854,2778
128918,2779
129005,2780
129039,2781
129155,2782
129161,2783
129197,2784
129273,2785
129284,2786
129393,2787
129400,2788
129403,2789
129430,2790
129483,2791
129484,2792
129513,2793
129525,2794
129527,2795
129532,2796
129605,2797
129679,2798
129736,2799
129808,2800
129842,2801
129887,2802
129900,2803
129960,2804
130059,2805
130070,2806
130098,2807
130105,2808
130117,2809
130132,2810
130188,2811
130254,2812
130271,2813
130329,2814
130337,2815
130346,2816
130522,2817
130533,2818
130540,2819
130634,2820
130653,2821
130666,2822
130683,2823
130732,2824
130810,2825
130832,2826
130962,2827
130967,2828
130980,2829
131150,2830
131159,2831
131187,2832
131211,2833
131325,2834
131386,2835
131493,2836
131510,2837
131521,2838
131553,2839
131564,2840
131602,2841
131696,2842
131738,2843
131802,2844
131826,2845
131843,2846
131884,2847
131898,2848
131907,2849
131927,2850
132094,2851
132099,2852
132140,2853
132146,2854
132179,2855
132287,2856
132317,2857
132390,2858
132407,2859
132430,2860
132448,2861
132459,2862
132524,2863
132541,2864
132548,2865
132550,2866
132562,2867
132575,2868
132680,2869
132723,2870
132745,2871
132749,2872
132786,2873
132810,2874
132837,2875
132841,2876
132869,2877
132921,2878
132929,2879
132988,2880
133053,2881
133060,2882
133072,2883
133165,2884
133218,2885
133253,2886
133280,2887
133297,2888
133310,2889
133333,2890
133359,2891
133387,2892
133405,2893
133440,2894
133592,2895
133612,2896
133657,2897
133661,2898
133700,2899
133736,2900
133770,2901
133832,2902
133835,2903
133843,2904
133946,2905
133989,2906
134027,2907
134043,2908
134113,2909
134157,2910
134167,2911
134247,2912
134316,2913
134339,2914
134401,2915
134404,2916
134443,2917
134454,2918
134518,2919
134572,2920
134575,2921
134604,2922
134631,2923
134652,2924
134673,2925
134720,2926
134729,2927
134732,2928
134829,2929
135008,2930
135148,2931
135174,2932
135178,2933
135324,2934
135362,2935
135444,2936
135453,2937
135455,2938
135485,2939
135616,2940
135628,2941
135630,2942
135719,2943
135779,2944
135815,2945
135853,2946
135878,2947
135891,2948
135923,2949
135937,2950
135980,2951
135983,2952
135985,2953
136032,2954
136099,2955
136125,2956
136133,2957
136134,2958
136182,2959
136229,2960
136248,2961
136255,2962
136281,2963
136306,2964
136409,2965
136417,2966
136455,2967
136502,2968
136569,2969
136648,2970
136657,2971
136672,2972
136750,2973
136824,2974
136879,2975
136908,2976
136950,2977
136967,2978
137030,2979
137110,2980
137113,2981
137139,2982
137189,2983
137200,2984
137243,2985
137262,2986
137354,2987
137374,2988
137460,2989
137464,2990
137588,2991
137650,2992
137661,2993
137774,2994
137776,2995
137784,2996
137810,2997
137871,2998
137881,2999
137961,3000
137969,3001
137996,3002
138038,3003
138125,3004
138175,3005
138209,3006
138229,3007
138290,3008
138311,3009
138359,3010
138406,3011
138437,3012
138527,3013
138539,3014
138555,3015
138614,3016
138635,3017
138688,3018
138799,3019
138842,3020
138867,3021
138894,3022
138927,3023
138934,3024
138972,3025
139016,3026
139076,3027
139111,3028
139161,3029
139171,3030
139177,3031
139187,3032
139329,3033
139609,3034
139641,3035
139679,3036
139718,3037
139757,3038
139804,3039
139826,3040
139882,3041
139891,3042
139990,3043
140037,3044
140124,3045
140141,3046
140179,3047
140196,3048
140231,3049
140251,3050
140450,3051
140463,3052
140494,3053
140524,3054
140570,3055
140582,3056
140659,3057
140852,3058
140894,3059
141006,3060
141028,3061
141038,3062
141042,3063
141096,3064
141135,3065
141204,3066
141224,3067
141241,3068
141273,3069
141302,3070
141378,3071
141482,3072
141521,3073
141593,3074
141640,3075
141650,3076
141686,3077
141847,3078
141962,3079
141968,3080
141971,3081
142016,3082
142054,3083
142071,3084
142098,3085
142120,3086
142206,3087
142224,3088
142233,3089
142310,3090
142316,3091
142334,3092
142439,3093
142452,3094
142459,3095
142475,3096
142555,3097
142661,3098
142682,3099
142767,3100
142803,3101
142805,3102
142942,3103
142981,3104
142983,3105
142989,3106
143022,3107
143032,3108
143034,3109
143256,3110
143299,3111
143347,3112
143349,3113
143377,3114
143414,3115
143425,3116
143436,3117
143456,3118
143498,3119
143559,3120
143703,3121
143739,3122
143830,3123
143866,3124
143882,3125
144055,3126
144125,3127
144183,3128
144198,3129
144269,3130
144341,3131
144440,3132
144445,3133
144499,3134
144500,3135
144535,3136
144592,3137
144661,3138
144665,3139
144819,3140
144821,3141
144918,3142
144987,3143
144989,3144
145007,3145
145018,3146
145031,3147
145054,3148
145099,3149
145148,3150
145180,3151
145191,3152
145245,3153
145264,3154
145265,3155
145452,3156
145500,3157
145569,3158
145577,3159
145694,3160
145704,3161
145717,3162
145749,3163
145861,3164
145905,3165
145906,3166
145965,3167
145995,3168
146026,3169
146096,3170
146142,3171
146156,3172
146181,3173
146220,3174
146367,3175
146410,3176
146472,3177
146570,3178
146629,3179
146772,3180
146997,3181
147043,3182
147053,3183
147076,3184
147092,3185
147112,3186
147177,3187
147201,3188
147204,3189
147278,3190
147284,3191
147298,3192
147373,3193
147394,3194
147512,3195
147558,3196
147595,3197
147627,3198
147747,3199
147785,3200
147826,3201
147875,3202
147979,3203
148035,3204
148046,3205
148073,3206
148148,3207
148156,3208
148168,3209
148233,3210
148384,3211
148458,3212
148470,3213
148481,3214
148607,3215
148649,3216
148712,3217
148717,3218
148721,3219
148726,3220
148838,3221
148844,3222
149012,3223
149068,3224
149093,3225
149126,3226
149152,3227
149170,3228
149193,3229
149227,3230
149263,3231
149298,3232
149317,3233
149330,3234
149334,3235
149342,3236
149410,3237
149422,3238
149442,3239
149501,3240
149517,3241
149535,3242
149546,3243
149721,3244
149784,3245
149916,3246
149942,3247
149982,3248
149990,3249
150014,3250
150032,3251
150053,3252
150168,3253
150198,3254
150327,3255
150347,3256
150419,3257
150427,3258
150450,3259
150520,3260
150529,3261
150585,3262
150612,3263
150687,3264
150716,3265
150739,3266
150769,3267
150783,3268
150821,3269
150863,3270
150930,3271
150982,3272
151084,3273
151116,3274
151138,3275
151152,3276
151195,3277
151257,3278
151272,3279
151293,3280
151334,3281
151371,3282
151388,3283
151425,3284
151457,3285
151544,3286
151546,3287
151571,3288
151579,3289
151628,3290
151701,3291
151886,3292
151949,3293
152068,3294
152249,3295
152281,3296
152397,3297
152451,3298
152529,3299
152533,3300
152620,3301
152676,3302
152765,3303
152953,3304
152981,3305
153021,3306
153023,3307
153078,3308
153085,3309
153221,3310
153252,3311
153296,3312
153315,3313
153320,3314
153368,3315
153370,3316
153371,3317
153392,3318
153446,3319
153520,3320
153558,3321
153798,3322
153841,3323
153893,3324
153909,3325
153965,3326
153988,3327
154056,3328
154059,3329
154068,3330
154136,3331
154163,3332
154164,3333
154194,3334
154430,3335
154499,3336
154524,3337
154565,3338
154634,3339
154677,3340
154682,3341
154729,3342
154765,3343
154894,3344
154903,3345
154952,3346
155023,3347
155024,3348
155116,3349
155159,3350
155233,3351
155251,3352
155280,3353
155349,3354
155362,3355
155382,3356
155418,3357
155513,3358
155524,3359
155552,3360
155587,3361
155596,3362
155601,3363
155666,3364
155706,3365
155832,3366
155841,3367
155894,3368
155904,3369
155912,3370
155954,3371
156088,3372
156124,3373
156274,3374
156299,3375
156421,3376
156482,3377
156581,3378
156586,3379
156628,3380
156629,3381
156668,3382
156680,3383
156688,3384
156777,3385
156930,3386
156939,3387
157075,3388
157152,3389
157167,3390
157208,3391
157263,3392
157295,3393
157369,3394
157388,3395
157405,3396
157577,3397
157597,3398
157619,3399
157723,3400
157725,3401
157757,3402
157806,3403
157810,3404
157874,3405
157886,3406
157910,3407
157938,3408
158027,3409
158118,3410
158173,3411
158177,3412
158192,3413
158238,3414
158240,3415
158252,3416
158289,3417
158356,3418
158371,3419
158413,3420
158424,3421
158465,3422
158525,3423
158603,3424
158661,3425
158851,3426
158855,3427
158882,3428
158897,3429
158951,3430
158952,3431
158984,3432
159026,3433
159034,3434
159061,3435
159084,3436
159107,3437
159143,3438
159210,3439
159214,3440
159226,3441
159229,3442
159326,3443
159449,3444
159525,3445
159540,3446
159548,3447
159583,3448
159594,3449
159687,3450
159701,3451
159704,3452
159737,3453
159849,3454
159929,3455
160021,3456
160032,3457
160062,3458
160072,3459
160089,3460
160123,3461
160167,3462
160175,3463
160185,3464
160220,3465
160264,3466
160273,3467
160310,3468
160342,3469
160343,3470
160363,3471
160442,3472
160550,3473
160630,3474
160640,3475
160683,3476
160722,3477
160782,3478
160784,3479
160853,3480
160869,3481
160921,3482
160996,3483
161004,3484
161155,3485
161210,3486
161254,3487
161262,3488
161264,3489
161292,3490
161312,3491
161335,3492
161336,3493
161358,3494
161364,3495
161366,3496
161435,3497
161453,3498
161461,3499
161536,3500
161556,3501
161628,3502
161697,3503
161724,3504
161808,3505
161985,3506
162017,3507
162034,3508
162067,3509
162113,3510
162163,3511
162194,3512
162220,3513
162232,3514
162369,3515
162408,3516
162418,3517
162442,3518
162468,3519
162499,3520
162521,3521
162590,3522
162629,3523
162760,3524
162828,3525
162942,3526
162944,3527
162955,3528
162960,3529
162961,3530
162974,3531
162981,3532
163011,3533
163021,3534
163074,3535
163128,3536
163165,3537
163169,3538
163291,3539
163295,3540
163342,3541
163353,3542
163417,3543
163432,3544
163486,3545
163544,3546
163696,3547
163791,3548
163810,3549
163969,3550
164024,3551
164042,3552
164058,3553
164085,3554
164217,3555
164268,3556
164342,3557
164395,3558
164434,3559
164487,3560
164553,3561
164636,3562
164740,3563
164751,3564
164934,3565
165042,3566
165098,3567
165153,3568
165155,3569
165272,3570
165276,3571
165319,3572
165367,3573
165381,3574
165398,3575
165499,3576
165521,3577
165572,3578
165617,3579
165619,3580
165633,3581
165644,3582
165680,3583
165704,3584
165713,3585
165736,3586
165797,3587
165811,3588
165829,3589
165835,3590
165881,3591
165908,3592
165930,3593
165934,3594
165989,3595
166059,3596
166075,3597
166088,3598
166138,3599
166147,3600
166149,3601
166156,3602
166169,3603
166175,3604
166187,3605
166193,3606
166241,3607
166322,3608
166356,3609
166378,3610
166398,3611
166457,3612
166482,3613
166556,3614
166577,3615
166650,3616
166651,3617
166711,3618
166747,3619
166776,3620
166846,3621
166959,3622
166993,3623
167036,3624
167075,3625
167231,3626
167282,3627
167301,3628
167309,3629
167315,3630
167323,3631
167336,3632
167395,3633
167402,3634
167531,3635
167555,3636
167576,3637
167584,3638
167617,3639
167627,3640
167643,3641
167647,3642
167729,3643
167743,3644
167803,3645
167807,3646
167815,3647
167826,3648
167831,3649
167838,3650
167847,3651
167851,3652
167880,3653
167895,3654
167907,3655
167918,3656
167928,3657
167947,3658
167965,3659
167966,3660
168035,3661
168045,3662
168049,3663
168053,3664
